-- MySQL dump 10.13  Distrib 8.0.42, for Linux (x86_64)
--
-- Host: localhost    Database: dorpay_db
-- ------------------------------------------------------
-- Server version	8.0.42-0ubuntu0.24.04.1

/*!40101 SET @OLD_CHARACTER_SET_CLIENT=@@CHARACTER_SET_CLIENT */;
/*!40101 SET @OLD_CHARACTER_SET_RESULTS=@@CHARACTER_SET_RESULTS */;
/*!40101 SET @OLD_COLLATION_CONNECTION=@@COLLATION_CONNECTION */;
/*!50503 SET NAMES utf8mb4 */;
/*!40103 SET @OLD_TIME_ZONE=@@TIME_ZONE */;
/*!40103 SET TIME_ZONE='+00:00' */;
/*!40014 SET @OLD_UNIQUE_CHECKS=@@UNIQUE_CHECKS, UNIQUE_CHECKS=0 */;
/*!40014 SET @OLD_FOREIGN_KEY_CHECKS=@@FOREIGN_KEY_CHECKS, FOREIGN_KEY_CHECKS=0 */;
/*!40101 SET @OLD_SQL_MODE=@@SQL_MODE, SQL_MODE='NO_AUTO_VALUE_ON_ZERO' */;
/*!40111 SET @OLD_SQL_NOTES=@@SQL_NOTES, SQL_NOTES=0 */;

--
-- Table structure for table `AuditLogs`
--

DROP TABLE IF EXISTS `AuditLogs`;
/*!40101 SET @saved_cs_client     = @@character_set_client */;
/*!50503 SET character_set_client = utf8mb4 */;
CREATE TABLE `AuditLogs` (
  `id` char(36) CHARACTER SET utf8mb4 COLLATE utf8mb4_bin NOT NULL DEFAULT (uuid()),
  `entityType` varchar(255) NOT NULL,
  `entityId` char(36) CHARACTER SET utf8mb4 COLLATE utf8mb4_bin NOT NULL,
  `action` enum('CREATE','UPDATE','DELETE') NOT NULL,
  `previousValue` json DEFAULT NULL,
  `newValue` json DEFAULT NULL,
  `changedFields` json DEFAULT NULL,
  `createdBy` char(36) CHARACTER SET utf8mb4 COLLATE utf8mb4_bin DEFAULT NULL,
  `createdAt` datetime NOT NULL,
  `updatedAt` datetime NOT NULL,
  PRIMARY KEY (`id`)
) ENGINE=InnoDB DEFAULT CHARSET=utf8mb4 COLLATE=utf8mb4_0900_ai_ci;
/*!40101 SET character_set_client = @saved_cs_client */;

--
-- Dumping data for table `AuditLogs`
--

LOCK TABLES `AuditLogs` WRITE;
/*!40000 ALTER TABLE `AuditLogs` DISABLE KEYS */;
INSERT INTO `AuditLogs` VALUES ('006153dd-a8e1-45c3-a7e1-3cf7aee50548','User','8b8fccf3-7fd3-407f-ad98-1316e4deea16','CREATE',NULL,'{\"id\": \"8b8fccf3-7fd3-407f-ad98-1316e4deea16\", \"email\": \"mbhavyasree8@gmail.com\", \"status\": \"active\", \"lastName\": \"reddy\", \"password\": \"$2a$10$wfiBXGFyDEWzDQ2pGmAca.X0o5Sf5zgKVw67JN0SD.NGEnEzoHBd.\", \"userType\": \"property_searching\", \"verified\": false, \"createdAt\": \"2025-06-13T10:47:01.069Z\", \"firstName\": \"bhavya\", \"updatedAt\": \"2025-06-13T10:47:01.069Z\", \"mobileNumber\": \"9898989898\"}',NULL,'8b8fccf3-7fd3-407f-ad98-1316e4deea16','2025-06-13 10:47:01','2025-06-13 10:47:01'),('01b54452-9869-4252-88ad-5a8cab68b8f8','User','5f895bb4-6a74-40af-9ffd-ff0f20b3ba58','CREATE',NULL,'{\"id\": \"5f895bb4-6a74-40af-9ffd-ff0f20b3ba58\", \"email\": \"dorpay2@mailinator.com\", \"status\": \"active\", \"lastName\": \"asdf\", \"password\": \"$2a$10$kHuv8nncr.hzA4qxU.Ew2.W9q9jglpLDf75qgj0NWRPcqSMpy7Jnq\", \"userType\": \"property_searching\", \"createdAt\": \"2025-04-04T06:41:02.121Z\", \"firstName\": \"adsf\", \"updatedAt\": \"2025-04-04T06:41:02.121Z\", \"mobileNumber\": \"1234567890\"}',NULL,'5f895bb4-6a74-40af-9ffd-ff0f20b3ba58','2025-04-04 06:41:02','2025-04-04 06:41:02'),('04a2e0ea-1908-43d7-9732-7728b48e5319','User','38b51daf-eee1-45b0-8eb4-343f5ed271ff','UPDATE','{\"userType\": \"property_searching\"}','{\"userType\": \"property_listing\"}','[\"userType\"]','0b027b1d-9d43-409b-9a83-4cc5dd77d9a8','2025-04-04 10:50:43','2025-04-04 10:50:43'),('06567d4f-fe0d-425e-a2c7-ae23333eae77','UserRole','80fa982d-d3e1-47bb-a024-66dae830578e','CREATE',NULL,'{\"id\": \"80fa982d-d3e1-47bb-a024-66dae830578e\", \"roleId\": \"568a9431-8c98-40e3-8bb3-ec6d7af89ae8\", \"userId\": \"102aab54-9a18-4e5c-baeb-9108137341b8\", \"createdAt\": \"2025-04-06T07:12:44.687Z\", \"createdBy\": \"0b027b1d-9d43-409b-9a83-4cc5dd77d9a8\"}',NULL,'0b027b1d-9d43-409b-9a83-4cc5dd77d9a8','2025-04-06 07:12:44','2025-04-06 07:12:44'),('0b539547-8b8e-4a57-85d8-bc5c2d4580e0','User','0b027b1d-9d43-409b-9a83-4cc5dd77d9a8','UPDATE','{\"password\": \"$2a$10$.L40uS7C4hs.vW9fqJOjVezyJpvK.n24vWj.hx8wlY.q2vdSRZH0u\"}','{\"password\": \"$2a$10$sSisnHJhZGA9zdxs645mZ.ltFxeW48S90bOlfXRbdsOZBqb.JbxYe\"}','[\"password\"]',NULL,'2025-04-05 04:29:05','2025-04-05 04:29:05'),('143f77d4-6dac-4425-a5bb-acb0b571ccb1','User','0136b18e-ec40-49cd-b5e2-3051b865072b','UPDATE','{}','{\"createdBy\": \"0136b18e-ec40-49cd-b5e2-3051b865072b\", \"updatedBy\": \"0136b18e-ec40-49cd-b5e2-3051b865072b\"}','[\"createdBy\", \"updatedBy\"]',NULL,'2025-07-13 06:28:33','2025-07-13 06:28:33'),('19525349-3362-45ac-8d4f-71fa81577358','User','8a84dee1-63fd-4a31-9a5e-4ef6b725566e','UPDATE','{}','{\"createdBy\": \"8a84dee1-63fd-4a31-9a5e-4ef6b725566e\", \"updatedBy\": \"8a84dee1-63fd-4a31-9a5e-4ef6b725566e\"}','[\"createdBy\", \"updatedBy\"]',NULL,'2025-06-18 12:56:10','2025-06-18 12:56:10'),('237f1476-566e-4d64-8cc9-bb1fd3f201db','User','38b51daf-eee1-45b0-8eb4-343f5ed271ff','UPDATE','{\"userType\": \"property_listing\"}','{\"userType\": \"property_searching\"}','[\"userType\"]','0b027b1d-9d43-409b-9a83-4cc5dd77d9a8','2025-04-04 14:07:40','2025-04-04 14:07:40'),('2482e110-7260-4dba-83da-2316eba47112','User','bf700ef5-6173-44fb-b305-93d5170c9cbe','UPDATE','{}','{\"createdBy\": \"bf700ef5-6173-44fb-b305-93d5170c9cbe\", \"updatedBy\": \"bf700ef5-6173-44fb-b305-93d5170c9cbe\"}','[\"createdBy\", \"updatedBy\"]',NULL,'2025-04-04 06:44:59','2025-04-04 06:44:59'),('26f810f4-ae24-4919-a466-be8c32660f5a','User','f32d6364-a24a-463a-9a08-86d9073daca9','CREATE',NULL,'{\"id\": \"f32d6364-a24a-463a-9a08-86d9073daca9\", \"email\": \"test@gmail.com\", \"status\": \"active\", \"lastName\": \"test\", \"password\": \"$2a$10$4s/OxZE2Y9rc2D7wggnffeFHSn0xrxBxx4n5BUEEIJzP.hZa/EHiq\", \"userType\": \"property_listing\", \"verified\": false, \"createdAt\": \"2025-06-16T05:33:39.951Z\", \"firstName\": \"test\", \"updatedAt\": \"2025-06-16T05:33:39.951Z\", \"mobileNumber\": \"9898989898\"}',NULL,'f32d6364-a24a-463a-9a08-86d9073daca9','2025-06-16 05:33:40','2025-06-16 05:33:40'),('283e3965-c101-45bc-a136-aeb72541ab4b','Role','39c91e82-8230-4d1a-8286-c0bb91e8e9bb','CREATE',NULL,'{\"id\": \"39c91e82-8230-4d1a-8286-c0bb91e8e9bb\", \"name\": \"User\", \"status\": \"active\", \"isSystem\": false, \"createdAt\": \"2025-04-18T08:35:07.899Z\", \"createdBy\": \"0b027b1d-9d43-409b-9a83-4cc5dd77d9a8\", \"updatedAt\": \"2025-04-18T08:35:07.899Z\", \"updatedBy\": \"0b027b1d-9d43-409b-9a83-4cc5dd77d9a8\", \"description\": \"\"}',NULL,'0b027b1d-9d43-409b-9a83-4cc5dd77d9a8','2025-04-18 08:35:07','2025-04-18 08:35:07'),('2ae51e2f-eae0-472a-afa0-0fa77c411348','User','c36129f3-a3cd-43df-b160-d584f5c5bd89','UPDATE','{}','{\"createdBy\": \"c36129f3-a3cd-43df-b160-d584f5c5bd89\", \"updatedBy\": \"c36129f3-a3cd-43df-b160-d584f5c5bd89\"}','[\"createdBy\", \"updatedBy\"]',NULL,'2025-04-04 06:28:22','2025-04-04 06:28:22'),('2c6a6656-b024-4c2f-a26a-54de102865af','User','0b027b1d-9d43-409b-9a83-4cc5dd77d9a8','UPDATE','{\"password\": \"$2a$10$lafjXQxCyKUvsZfOlX8XR.nKC89gn3lCmG52q9cEwDY59Ryz0SrxS\"}','{\"password\": \"$2a$10$.L40uS7C4hs.vW9fqJOjVezyJpvK.n24vWj.hx8wlY.q2vdSRZH0u\"}','[\"password\"]',NULL,'2025-04-04 09:52:46','2025-04-04 09:52:46'),('33bd9804-5f61-4ab7-bc89-88620f9d34fc','User','38b51daf-eee1-45b0-8eb4-343f5ed271ff','UPDATE','{\"userType\": \"property_searching\"}','{\"userType\": \"property_listing\"}','[\"userType\"]','0b027b1d-9d43-409b-9a83-4cc5dd77d9a8','2025-04-05 04:30:12','2025-04-05 04:30:12'),('34a426af-c395-4c83-9fcd-5406c448562f','User','0a90c869-7218-42c8-ba50-bb5e50f4d972','CREATE',NULL,'{\"id\": \"0a90c869-7218-42c8-ba50-bb5e50f4d972\", \"email\": \"dorpay1@mailinator.com\", \"status\": \"active\", \"lastName\": \"asdf\", \"password\": \"$2a$10$N7pdaBG.QoySfkWHNEx8ZOpxJYI1fGYmsQqyqrwJgi9Sx0a4wn9tS\", \"userType\": \"property_searching\", \"createdAt\": \"2025-04-04T06:38:30.496Z\", \"firstName\": \"adsf\", \"updatedAt\": \"2025-04-04T06:38:30.496Z\", \"mobileNumber\": \"1234567890\"}',NULL,'0a90c869-7218-42c8-ba50-bb5e50f4d972','2025-04-04 06:38:30','2025-04-04 06:38:30'),('37c86ec3-6435-40df-a408-fb8f61de9caf','User','38b51daf-eee1-45b0-8eb4-343f5ed271ff','UPDATE','{\"status\": \"inactive\"}','{\"status\": \"active\"}','[\"status\"]','0b027b1d-9d43-409b-9a83-4cc5dd77d9a8','2025-04-04 14:05:44','2025-04-04 14:05:44'),('3c5a53da-19dc-4a72-a848-62370f6942c6','User','8a84dee1-63fd-4a31-9a5e-4ef6b725566e','CREATE',NULL,'{\"id\": \"8a84dee1-63fd-4a31-9a5e-4ef6b725566e\", \"email\": \"bhavyatesting@gmail.com\", \"status\": \"active\", \"lastName\": \"testing\", \"password\": \"$2a$10$9INt4Pe9lqIsWaNQgmG9MewOX8siKSCRNLBs8BIq7FSGeS2XCHe5S\", \"userType\": \"property_searching\", \"verified\": false, \"createdAt\": \"2025-06-18T12:56:09.878Z\", \"firstName\": \"bhavyatesting\", \"updatedAt\": \"2025-06-18T12:56:09.878Z\", \"mobileNumber\": \"9898989855\"}',NULL,'8a84dee1-63fd-4a31-9a5e-4ef6b725566e','2025-06-18 12:56:09','2025-06-18 12:56:09'),('41cf3c5f-4945-4061-b80b-57812904aafd','Role','30c78a4d-2183-4150-808f-7aabc051bf05','UPDATE','{\"updatedBy\": null}','{\"updatedBy\": \"0b027b1d-9d43-409b-9a83-4cc5dd77d9a8\"}','[\"updatedBy\"]','0b027b1d-9d43-409b-9a83-4cc5dd77d9a8','2025-04-18 08:35:22','2025-04-18 08:35:22'),('426a08d3-cc94-4842-950e-b2cf97ec24a2','User','c36129f3-a3cd-43df-b160-d584f5c5bd89','CREATE',NULL,'{\"id\": \"c36129f3-a3cd-43df-b160-d584f5c5bd89\", \"email\": \"dorpay@mailinator.com\", \"status\": \"active\", \"lastName\": \"aas\", \"password\": \"$2a$10$B49hvC1O0bGPgWxdf85TYeq1ICq/fOsjjXdJuDzboftlpKQlJOhZS\", \"userType\": \"property_searching\", \"createdAt\": \"2025-04-04T06:28:22.437Z\", \"firstName\": \"test\", \"updatedAt\": \"2025-04-04T06:28:22.437Z\", \"mobileNumber\": \"1234567890\"}',NULL,'c36129f3-a3cd-43df-b160-d584f5c5bd89','2025-04-04 06:28:22','2025-04-04 06:28:22'),('43860da5-e204-4b1a-8d4b-d9eb66cc5586','User','38b51daf-eee1-45b0-8eb4-343f5ed271ff','UPDATE','{\"password\": \"$2a$10$YbMfGU/hzd/SDLyUt9iMfOmkzDZXpAy4VmSIt6wVD2rtAceQvgSfy\"}','{\"password\": \"$2a$10$sMqBGA7O2u.K2oPt4TwEIexaEhG/tnJVNnj3Pax9kPJ/w60Xigo3a\"}','[\"password\"]','0b027b1d-9d43-409b-9a83-4cc5dd77d9a8','2025-04-05 06:49:48','2025-04-05 06:49:48'),('43977f29-e8a4-495c-8b40-2ac9dca92b6f','User','38b51daf-eee1-45b0-8eb4-343f5ed271ff','UPDATE','{\"lastName\": \"Kumar1\"}','{\"lastName\": \"Kumar\"}','[\"lastName\"]','0b027b1d-9d43-409b-9a83-4cc5dd77d9a8','2025-04-05 05:52:04','2025-04-05 05:52:04'),('4ee44427-a7b2-45d4-a12b-dee6b84c3149','User','0b027b1d-9d43-409b-9a83-4cc5dd77d9a8','UPDATE','{\"password\": \"$2a$10$sSisnHJhZGA9zdxs645mZ.ltFxeW48S90bOlfXRbdsOZBqb.JbxYe\"}','{\"password\": \"$2a$10$GZtm.NZv3Ze7/HiwdrSS9eXZbKb19gMiyvfnic4.PcNWBYPCr6Kf6\"}','[\"password\"]',NULL,'2025-04-15 06:23:47','2025-04-15 06:23:47'),('4fe90c35-78b6-4cb7-a20a-4b2874ff88be','User','112fcbad-b1a9-4d9b-83b2-31a509bfdd8f','CREATE',NULL,'{\"id\": \"112fcbad-b1a9-4d9b-83b2-31a509bfdd8f\", \"email\": \"bhavya.neshdp@gmail.com\", \"status\": \"active\", \"lastName\": \"sree\", \"password\": \"$2a$10$f3jOKSEtLkmGaVme5UMVveuBJSBKwhgyctrMqf0LkCjB7Af8EIJ0K\", \"userType\": \"property_searching\", \"verified\": false, \"createdAt\": \"2025-06-17T13:56:09.629Z\", \"createdBy\": \"0b027b1d-9d43-409b-9a83-4cc5dd77d9a8\", \"firstName\": \"bhavya\", \"updatedAt\": \"2025-06-17T13:56:09.629Z\", \"updatedBy\": \"0b027b1d-9d43-409b-9a83-4cc5dd77d9a8\", \"mobileNumber\": \"9866098829\"}',NULL,'112fcbad-b1a9-4d9b-83b2-31a509bfdd8f','2025-06-17 13:56:09','2025-06-17 13:56:09'),('51270e8e-da1d-44fc-8811-e642d8e8b1e8','UserRole','4ebf7aaa-b3a3-4de3-8b48-dc03a96936de','CREATE',NULL,'{\"id\": \"4ebf7aaa-b3a3-4de3-8b48-dc03a96936de\", \"roleId\": \"39c91e82-8230-4d1a-8286-c0bb91e8e9bb\", \"userId\": \"112fcbad-b1a9-4d9b-83b2-31a509bfdd8f\", \"createdAt\": \"2025-06-17T13:56:09.754Z\", \"createdBy\": \"0b027b1d-9d43-409b-9a83-4cc5dd77d9a8\"}',NULL,'0b027b1d-9d43-409b-9a83-4cc5dd77d9a8','2025-06-17 13:56:09','2025-06-17 13:56:09'),('5c3886c4-1fa1-4742-980d-1c6e7c180280','User','38b51daf-eee1-45b0-8eb4-343f5ed271ff','UPDATE','{}','{\"createdBy\": \"38b51daf-eee1-45b0-8eb4-343f5ed271ff\", \"updatedBy\": \"38b51daf-eee1-45b0-8eb4-343f5ed271ff\"}','[\"createdBy\", \"updatedBy\"]',NULL,'2025-04-04 05:51:50','2025-04-04 05:51:50'),('6601dba7-7609-4b48-8025-ef7dc4f7c7f8','User','10b1edb1-9972-40dd-8e98-202e4a8c04c6','UPDATE','{\"firstName\": \"Test\"}','{\"firstName\": \"Testsdf\"}','[\"firstName\"]','0b027b1d-9d43-409b-9a83-4cc5dd77d9a8','2025-04-17 06:16:27','2025-04-17 06:16:27'),('68e9fecf-778e-49b7-b054-7ca6e537bb3c','User','0b027b1d-9d43-409b-9a83-4cc5dd77d9a8','UPDATE','{\"password\": \"$2a$10$ayMxaYO59cuW./wFmge1Puq4DaZ.jQ868rN1Zcfp2G2wmrp9DGUxS\"}','{\"password\": \"$2a$10$lafjXQxCyKUvsZfOlX8XR.nKC89gn3lCmG52q9cEwDY59Ryz0SrxS\"}','[\"password\"]',NULL,'2025-04-04 08:35:36','2025-04-04 08:35:36'),('6952d9a6-bf62-4760-b0b3-27d23e84983c','User','9ecd708a-f8c7-4bbc-a665-b0d6bb139684','UPDATE','{}','{\"createdBy\": \"9ecd708a-f8c7-4bbc-a665-b0d6bb139684\", \"updatedBy\": \"9ecd708a-f8c7-4bbc-a665-b0d6bb139684\"}','[\"createdBy\", \"updatedBy\"]',NULL,'2025-06-13 10:58:30','2025-06-13 10:58:30'),('6b136479-4922-471c-ab9d-18828c455543','User','44a2bbb7-6b59-4f09-a8ed-daabbac3e6fb','UPDATE','{}','{\"createdBy\": \"44a2bbb7-6b59-4f09-a8ed-daabbac3e6fb\", \"updatedBy\": \"44a2bbb7-6b59-4f09-a8ed-daabbac3e6fb\"}','[\"createdBy\", \"updatedBy\"]',NULL,'2025-06-16 08:21:55','2025-06-16 08:21:55'),('6bf60a42-b4ac-42e0-bf45-c019d2bc86c7','UserRole','001f8dba-8502-408d-badd-467ae94e5db9','CREATE',NULL,'{\"id\": \"001f8dba-8502-408d-badd-467ae94e5db9\", \"roleId\": \"0c53d3d7-bb56-4728-b1f2-e4aab11cca67\", \"userId\": \"38b51daf-eee1-45b0-8eb4-343f5ed271ff\", \"createdAt\": \"2025-04-05T09:48:38.990Z\", \"createdBy\": \"0b027b1d-9d43-409b-9a83-4cc5dd77d9a8\"}',NULL,'0b027b1d-9d43-409b-9a83-4cc5dd77d9a8','2025-04-05 09:48:38','2025-04-05 09:48:38'),('6d213c14-ba28-4971-ac8b-69cbd07a80cd','User','4087dd4d-847f-4954-8e27-2accc5f675d0','UPDATE','{}','{\"createdBy\": \"4087dd4d-847f-4954-8e27-2accc5f675d0\", \"updatedBy\": \"4087dd4d-847f-4954-8e27-2accc5f675d0\"}','[\"createdBy\", \"updatedBy\"]',NULL,'2025-06-16 08:38:28','2025-06-16 08:38:28'),('727fa2e2-6b47-478b-aeef-1e2a2eda0231','User','38b51daf-eee1-45b0-8eb4-343f5ed271ff','UPDATE','{\"password\": \"$2a$10$sMqBGA7O2u.K2oPt4TwEIexaEhG/tnJVNnj3Pax9kPJ/w60Xigo3a\"}','{\"password\": \"$2a$10$h7eSn426rohFB5FoUaIfPONs.soAZzYlE2oy6z7k5F/QIsHGhx4iG\"}','[\"password\"]','0b027b1d-9d43-409b-9a83-4cc5dd77d9a8','2025-04-05 06:50:40','2025-04-05 06:50:40'),('72d418d4-b12a-40cc-bbd7-27527cbecd90','User','8b8fccf3-7fd3-407f-ad98-1316e4deea16','UPDATE','{}','{\"createdBy\": \"8b8fccf3-7fd3-407f-ad98-1316e4deea16\", \"updatedBy\": \"8b8fccf3-7fd3-407f-ad98-1316e4deea16\"}','[\"createdBy\", \"updatedBy\"]',NULL,'2025-06-13 10:47:01','2025-06-13 10:47:01'),('7739dfd9-c4ee-471e-9def-6e00bb81fcdf','User','df54ac03-b747-4f4c-8987-83118c1a1791','CREATE',NULL,'{\"id\": \"df54ac03-b747-4f4c-8987-83118c1a1791\", \"email\": \"ask@venture-care.com\", \"status\": \"active\", \"lastName\": \"Kumar\", \"password\": \"$2a$10$4yAv8/pbDRE9Hxkaj2GE2./FpfabP0dONDOjemxnW2R59MLii3ywK\", \"userType\": \"property_listing\", \"verified\": false, \"createdAt\": \"2025-07-30T06:25:37.755Z\", \"firstName\": \"Abhishek\", \"updatedAt\": \"2025-07-30T06:25:37.755Z\", \"mobileNumber\": \"9172713075\"}',NULL,'df54ac03-b747-4f4c-8987-83118c1a1791','2025-07-30 06:25:37','2025-07-30 06:25:37'),('7a8c5c2a-7612-40c3-b0c7-0f13e048f1cd','User','102aab54-9a18-4e5c-baeb-9108137341b8','UPDATE','{\"password\": \"$2a$10$GIFPGILx.eSvppz6pucY/OCW2QTXALqkuLJMyHyBj7FsHHgxGU/mi\"}','{\"password\": \"$2a$10$xMAg2Rm0AewnULAx.bxMgu04qhxriyuRgKJHEjHQG4wYPGJEKU2Na\"}','[\"password\"]','0b027b1d-9d43-409b-9a83-4cc5dd77d9a8','2025-04-06 07:17:03','2025-04-06 07:17:03'),('7e039d55-1aaa-412c-a244-a49246a380ca','User','df54ac03-b747-4f4c-8987-83118c1a1791','UPDATE','{}','{\"createdBy\": \"df54ac03-b747-4f4c-8987-83118c1a1791\", \"updatedBy\": \"df54ac03-b747-4f4c-8987-83118c1a1791\"}','[\"createdBy\", \"updatedBy\"]',NULL,'2025-07-30 06:25:38','2025-07-30 06:25:38'),('7f269d4b-f89d-47cb-a61d-0995aaba9cca','User','38b51daf-eee1-45b0-8eb4-343f5ed271ff','UPDATE','{\"password\": \"$2a$10$F9ftDvhGnUW3dbiX4bgh6ecHZ4/u9NA4Og6dS5JpdB3JKXo9ZkgJK\"}','{\"password\": \"$2a$10$YbMfGU/hzd/SDLyUt9iMfOmkzDZXpAy4VmSIt6wVD2rtAceQvgSfy\"}','[\"password\"]','0b027b1d-9d43-409b-9a83-4cc5dd77d9a8','2025-04-05 04:30:11','2025-04-05 04:30:11'),('7f43dbfb-ac66-470a-9faf-9a2a7f8f694f','User','c84e3fc9-5c52-48c5-8a4c-cbb89cc46cb1','UPDATE','{}','{\"createdBy\": \"c84e3fc9-5c52-48c5-8a4c-cbb89cc46cb1\", \"updatedBy\": \"c84e3fc9-5c52-48c5-8a4c-cbb89cc46cb1\"}','[\"createdBy\", \"updatedBy\"]',NULL,'2025-06-16 13:52:09','2025-06-16 13:52:09'),('831256a2-8dcd-4027-8a44-b9ad6da3c0cd','User','4087dd4d-847f-4954-8e27-2accc5f675d0','CREATE',NULL,'{\"id\": \"4087dd4d-847f-4954-8e27-2accc5f675d0\", \"email\": \"testing2@gmail.com\", \"status\": \"active\", \"lastName\": \"testing\", \"password\": \"$2a$10$3TzCZwyX5rg0AEAB.7QIOO66gWu1FfrArZqtndA9jz7aQMBoz4mtq\", \"userType\": \"property_listing\", \"verified\": false, \"createdAt\": \"2025-06-16T08:38:28.598Z\", \"firstName\": \"testing\", \"updatedAt\": \"2025-06-16T08:38:28.598Z\", \"mobileNumber\": \"9898989898\"}',NULL,'4087dd4d-847f-4954-8e27-2accc5f675d0','2025-06-16 08:38:28','2025-06-16 08:38:28'),('83d9d126-82d3-41de-8570-0badecb375f5','User','c84e3fc9-5c52-48c5-8a4c-cbb89cc46cb1','CREATE',NULL,'{\"id\": \"c84e3fc9-5c52-48c5-8a4c-cbb89cc46cb1\", \"email\": \"tdemo@gmail.com\", \"status\": \"active\", \"lastName\": \"demo\", \"password\": \"$2a$10$WQsomrAPJD6H2wuS9WVQ0OBbrUmcmqJJ4TouH6zpyfE6KR2kR0dKu\", \"userType\": \"property_searching\", \"verified\": false, \"createdAt\": \"2025-06-16T13:52:09.842Z\", \"firstName\": \"test\", \"updatedAt\": \"2025-06-16T13:52:09.842Z\", \"mobileNumber\": \"9898989898\"}',NULL,'c84e3fc9-5c52-48c5-8a4c-cbb89cc46cb1','2025-06-16 13:52:09','2025-06-16 13:52:09'),('83e8c157-7d59-4119-b258-e550ff2711e6','User','4f358bc2-0c3c-4107-bf56-356b12ec5487','CREATE',NULL,'{\"id\": \"4f358bc2-0c3c-4107-bf56-356b12ec5487\", \"email\": \"demodemo@gmail.com\", \"status\": \"active\", \"lastName\": \"demodemo\", \"password\": \"$2a$10$nF1cqPU6t9MH0lPhZCCzh.h/xcE17E64xEumozP9YeJNaVQZkhJ7y\", \"userType\": \"property_searching\", \"verified\": false, \"createdAt\": \"2025-06-16T12:23:09.864Z\", \"firstName\": \"demodemo\", \"updatedAt\": \"2025-06-16T12:23:09.864Z\", \"mobileNumber\": \"9898989898\"}',NULL,'4f358bc2-0c3c-4107-bf56-356b12ec5487','2025-06-16 12:23:09','2025-06-16 12:23:09'),('863bb4f6-1cb5-4c37-b1b0-9a5c0995f859','User','6833edfc-914a-43f0-ac8d-d962ebd02015','CREATE',NULL,'{\"id\": \"6833edfc-914a-43f0-ac8d-d962ebd02015\", \"email\": \"bhavyatest@gmail.com\", \"status\": \"active\", \"lastName\": \"bhavyatest\", \"password\": \"$2a$10$bLEwVqRjrNTySlyAJCTY6eEPOZeBkSKeY64GFoMioBuxweKJ.cB.K\", \"userType\": \"property_listing\", \"verified\": false, \"createdAt\": \"2025-06-27T06:54:14.813Z\", \"firstName\": \"bhavyatest\", \"updatedAt\": \"2025-06-27T06:54:14.813Z\", \"mobileNumber\": \"9898989899\"}',NULL,'6833edfc-914a-43f0-ac8d-d962ebd02015','2025-06-27 06:54:14','2025-06-27 06:54:14'),('887abc4f-5077-48a4-9712-034b9f53a569','User','38b51daf-eee1-45b0-8eb4-343f5ed271ff','UPDATE','{\"lastName\": \"Kumar\"}','{\"lastName\": \"Kumar1\"}','[\"lastName\"]','0b027b1d-9d43-409b-9a83-4cc5dd77d9a8','2025-04-05 05:51:57','2025-04-05 05:51:57'),('892171b1-6b8c-4893-9d46-dfcae59f255d','User','addb3611-cf61-46e7-9236-3902c15ba3ff','CREATE',NULL,'{\"id\": \"addb3611-cf61-46e7-9236-3902c15ba3ff\", \"email\": \"sam@gmail.com\", \"status\": \"active\", \"lastName\": \"Rana\", \"password\": \"$2a$10$WG0kpPu6dckykbenxKoMXOFUKMbaszhY2QxPnsWyXO.SplpbW5vbO\", \"userType\": \"property_searching\", \"verified\": false, \"createdAt\": \"2025-06-13T10:49:50.336Z\", \"firstName\": \"samridhi\", \"updatedAt\": \"2025-06-13T10:49:50.336Z\", \"mobileNumber\": \"4663489987\"}',NULL,'addb3611-cf61-46e7-9236-3902c15ba3ff','2025-06-13 10:49:50','2025-06-13 10:49:50'),('89456486-d7db-4fbb-92f7-8cfd117440e0','UserRole','11b5e5b0-3ff9-43d1-8534-804a4985c084','CREATE',NULL,'{\"id\": \"11b5e5b0-3ff9-43d1-8534-804a4985c084\", \"roleId\": \"568a9431-8c98-40e3-8bb3-ec6d7af89ae8\", \"userId\": \"10b1edb1-9972-40dd-8e98-202e4a8c04c6\", \"createdAt\": \"2025-04-17T05:57:22.330Z\", \"createdBy\": \"0b027b1d-9d43-409b-9a83-4cc5dd77d9a8\"}',NULL,'0b027b1d-9d43-409b-9a83-4cc5dd77d9a8','2025-04-17 05:57:22','2025-04-17 05:57:22'),('8e95cbfc-b697-4983-8250-4f4c06c8d8f3','User','3303a481-d891-4b71-9228-7a6f7fe52a66','CREATE',NULL,'{\"id\": \"3303a481-d891-4b71-9228-7a6f7fe52a66\", \"email\": \"snehal.patil.081995@gmail.com\", \"status\": \"active\", \"lastName\": \"Patil\", \"password\": \"$2a$10$Q7s87Dyi5hGUcYEiA2ZtDeWGDgJ0LfZG14XDJ0ePXn4NdQbQ7T7RC\", \"userType\": \"property_listing\", \"createdAt\": \"2025-04-04T10:28:21.729Z\", \"createdBy\": \"0b027b1d-9d43-409b-9a83-4cc5dd77d9a8\", \"firstName\": \"Snehal\", \"updatedAt\": \"2025-04-04T10:28:21.729Z\", \"updatedBy\": \"0b027b1d-9d43-409b-9a83-4cc5dd77d9a8\", \"mobileNumber\": \"1234567890\"}',NULL,'3303a481-d891-4b71-9228-7a6f7fe52a66','2025-04-04 10:28:21','2025-04-04 10:28:21'),('90df1362-3d63-4596-97cd-87626d056254','User','38b51daf-eee1-45b0-8eb4-343f5ed271ff','UPDATE','{\"status\": \"active\"}','{\"status\": \"inactive\"}','[\"status\"]','0b027b1d-9d43-409b-9a83-4cc5dd77d9a8','2025-04-04 14:05:37','2025-04-04 14:05:37'),('9166faa9-5d92-425f-bf3d-1ba2d7167f0d','User','addb3611-cf61-46e7-9236-3902c15ba3ff','UPDATE','{}','{\"createdBy\": \"addb3611-cf61-46e7-9236-3902c15ba3ff\", \"updatedBy\": \"addb3611-cf61-46e7-9236-3902c15ba3ff\"}','[\"createdBy\", \"updatedBy\"]',NULL,'2025-06-13 10:49:50','2025-06-13 10:49:50'),('9af450f8-86dc-441d-972f-67d67570c9a9','User','5f895bb4-6a74-40af-9ffd-ff0f20b3ba58','UPDATE','{}','{\"createdBy\": \"5f895bb4-6a74-40af-9ffd-ff0f20b3ba58\", \"updatedBy\": \"5f895bb4-6a74-40af-9ffd-ff0f20b3ba58\"}','[\"createdBy\", \"updatedBy\"]',NULL,'2025-04-04 06:41:02','2025-04-04 06:41:02'),('9c85ec6d-60d7-4400-b896-d521035b13f8','User','f32d6364-a24a-463a-9a08-86d9073daca9','UPDATE','{}','{\"createdBy\": \"f32d6364-a24a-463a-9a08-86d9073daca9\", \"updatedBy\": \"f32d6364-a24a-463a-9a08-86d9073daca9\"}','[\"createdBy\", \"updatedBy\"]',NULL,'2025-06-16 05:33:40','2025-06-16 05:33:40'),('b0ba8139-eb78-42c6-9a2b-679e70a269a6','User','0a90c869-7218-42c8-ba50-bb5e50f4d972','UPDATE','{}','{\"createdBy\": \"0a90c869-7218-42c8-ba50-bb5e50f4d972\", \"updatedBy\": \"0a90c869-7218-42c8-ba50-bb5e50f4d972\"}','[\"createdBy\", \"updatedBy\"]',NULL,'2025-04-04 06:38:30','2025-04-04 06:38:30'),('b61267af-7e7f-4ec6-bb40-60c94efec34a','User','10b1edb1-9972-40dd-8e98-202e4a8c04c6','CREATE',NULL,'{\"id\": \"10b1edb1-9972-40dd-8e98-202e4a8c04c6\", \"email\": \"test@mailinator.com\", \"status\": \"active\", \"lastName\": \"af\", \"password\": \"$2a$10$ypwkfScKyGttr4/7x8ggcOINyL4wezhGEzAUgbkRWWVH53cNTYFt2\", \"userType\": \"property_searching\", \"verified\": false, \"createdAt\": \"2025-04-17T05:57:22.207Z\", \"createdBy\": \"0b027b1d-9d43-409b-9a83-4cc5dd77d9a8\", \"firstName\": \"Test\", \"updatedAt\": \"2025-04-17T05:57:22.207Z\", \"updatedBy\": \"0b027b1d-9d43-409b-9a83-4cc5dd77d9a8\", \"mobileNumber\": \"1234567890\"}',NULL,'10b1edb1-9972-40dd-8e98-202e4a8c04c6','2025-04-17 05:57:22','2025-04-17 05:57:22'),('b722f78b-d214-443a-a501-f59053d3a67b','User','fdb4e155-156b-45a8-80e3-a92869675c96','UPDATE','{}','{\"createdBy\": \"fdb4e155-156b-45a8-80e3-a92869675c96\", \"updatedBy\": \"fdb4e155-156b-45a8-80e3-a92869675c96\"}','[\"createdBy\", \"updatedBy\"]',NULL,'2025-06-13 10:40:08','2025-06-13 10:40:08'),('bb525fb1-a563-48dc-b1a3-8a354b22c9a8','User','38b51daf-eee1-45b0-8eb4-343f5ed271ff','UPDATE','{\"password\": \"$2a$10$h7eSn426rohFB5FoUaIfPONs.soAZzYlE2oy6z7k5F/QIsHGhx4iG\"}','{\"password\": \"$2a$10$YXjJno.8xS4vfoRfbcFn6.5QDG7aP7JrzwnjyPTAerHs/oqOZYi6S\"}','[\"password\"]','0b027b1d-9d43-409b-9a83-4cc5dd77d9a8','2025-04-05 07:33:20','2025-04-05 07:33:20'),('bfdc4ce9-2ac5-4a8f-9305-d522e24cc946','User','6833edfc-914a-43f0-ac8d-d962ebd02015','UPDATE','{}','{\"createdBy\": \"6833edfc-914a-43f0-ac8d-d962ebd02015\", \"updatedBy\": \"6833edfc-914a-43f0-ac8d-d962ebd02015\"}','[\"createdBy\", \"updatedBy\"]',NULL,'2025-06-27 06:54:15','2025-06-27 06:54:15'),('c2dc6c31-05a0-4464-a12c-1216d62d8cdb','User','9f57ce33-1365-4071-bcfd-59804e737094','UPDATE','{}','{\"createdBy\": \"9f57ce33-1365-4071-bcfd-59804e737094\", \"updatedBy\": \"9f57ce33-1365-4071-bcfd-59804e737094\"}','[\"createdBy\", \"updatedBy\"]',NULL,'2025-06-16 08:43:29','2025-06-16 08:43:29'),('c44a52cb-5009-4f8b-86f5-33456ea92528','User','38b51daf-eee1-45b0-8eb4-343f5ed271ff','UPDATE','{\"password\": \"$2a$10$eYYAhN/IIohDfR5i809EY.f0p5mq8fUeOaruU4Pade9QW/7RqxVnC\"}','{\"password\": \"$2a$10$F9ftDvhGnUW3dbiX4bgh6ecHZ4/u9NA4Og6dS5JpdB3JKXo9ZkgJK\"}','[\"password\"]','0b027b1d-9d43-409b-9a83-4cc5dd77d9a8','2025-04-04 14:07:07','2025-04-04 14:07:07'),('c649634b-a14c-4b55-aacc-0618bf5b41d6','User','38b51daf-eee1-45b0-8eb4-343f5ed271ff','CREATE',NULL,'{\"id\": \"38b51daf-eee1-45b0-8eb4-343f5ed271ff\", \"email\": \"shiprakesh143@gmail.com\", \"status\": \"active\", \"lastName\": \"Kumar\", \"password\": \"$2a$10$aG100zB2sEsjH//XmwQ48uA6AhkEf4SATIswflX5pfypOp1JLWCoO\", \"userType\": \"property_listing\", \"createdAt\": \"2025-04-04T05:51:49.965Z\", \"firstName\": \"Rakesh\", \"updatedAt\": \"2025-04-04T05:51:49.965Z\", \"mobileNumber\": \"9739498998\"}',NULL,'38b51daf-eee1-45b0-8eb4-343f5ed271ff','2025-04-04 05:51:50','2025-04-04 05:51:50'),('c9f20972-7a6a-4bc9-9083-8ec8e548d89b','User','38b51daf-eee1-45b0-8eb4-343f5ed271ff','UPDATE','{\"password\": \"$2a$10$aG100zB2sEsjH//XmwQ48uA6AhkEf4SATIswflX5pfypOp1JLWCoO\"}','{\"password\": \"$2a$10$eYYAhN/IIohDfR5i809EY.f0p5mq8fUeOaruU4Pade9QW/7RqxVnC\"}','[\"password\"]','0b027b1d-9d43-409b-9a83-4cc5dd77d9a8','2025-04-04 10:23:12','2025-04-04 10:23:12'),('d13641eb-c663-4d75-a173-6cc229815a5d','User','9ecd708a-f8c7-4bbc-a665-b0d6bb139684','CREATE',NULL,'{\"id\": \"9ecd708a-f8c7-4bbc-a665-b0d6bb139684\", \"email\": \"riya@gmail.com\", \"status\": \"active\", \"lastName\": \"ghosh\", \"password\": \"$2a$10$69rNVhujJQsFQH10xnV1Ne28LxQQN1x4dHL.JLjmqy6q3EvTp2haq\", \"userType\": \"property_listing\", \"verified\": false, \"createdAt\": \"2025-06-13T10:58:30.214Z\", \"firstName\": \"riya\", \"updatedAt\": \"2025-06-13T10:58:30.214Z\", \"mobileNumber\": \"7896778967\"}',NULL,'9ecd708a-f8c7-4bbc-a665-b0d6bb139684','2025-06-13 10:58:30','2025-06-13 10:58:30'),('d4da0e05-c26f-480e-b2b5-86c31d41a42e','User','4f358bc2-0c3c-4107-bf56-356b12ec5487','UPDATE','{}','{\"createdBy\": \"4f358bc2-0c3c-4107-bf56-356b12ec5487\", \"updatedBy\": \"4f358bc2-0c3c-4107-bf56-356b12ec5487\"}','[\"createdBy\", \"updatedBy\"]',NULL,'2025-06-16 12:23:09','2025-06-16 12:23:09'),('d83e9b44-047d-4306-99f2-256abb03c578','User','38b51daf-eee1-45b0-8eb4-343f5ed271ff','UPDATE','{\"userType\": \"property_listing\"}','{\"userType\": \"property_searching\"}','[\"userType\"]','0b027b1d-9d43-409b-9a83-4cc5dd77d9a8','2025-04-04 10:22:43','2025-04-04 10:22:43'),('d953789a-2dc9-44ef-ae29-ec847eda73ad','User','486eea35-3a91-4e03-a8c4-60c9dd1a6bb0','UPDATE','{\"userType\": \"property_listing\"}','{\"userType\": \"property_searching\"}','[\"userType\"]','0b027b1d-9d43-409b-9a83-4cc5dd77d9a8','2025-04-04 10:50:37','2025-04-04 10:50:37'),('dc6cb193-230d-4b51-a850-0024eef74692','User','44a2bbb7-6b59-4f09-a8ed-daabbac3e6fb','CREATE',NULL,'{\"id\": \"44a2bbb7-6b59-4f09-a8ed-daabbac3e6fb\", \"email\": \"test2@gmail.com\", \"status\": \"active\", \"lastName\": \"test\", \"password\": \"$2a$10$s0Z2KeDlMVgpofF8AWR.eOPXiBakRm/hGVFedDS4HzqEuI2bn5uwq\", \"userType\": \"property_listing\", \"verified\": false, \"createdAt\": \"2025-06-16T08:21:55.742Z\", \"firstName\": \"testt\", \"updatedAt\": \"2025-06-16T08:21:55.742Z\", \"mobileNumber\": \"9898989898\"}',NULL,'44a2bbb7-6b59-4f09-a8ed-daabbac3e6fb','2025-06-16 08:21:55','2025-06-16 08:21:55'),('dcf5ab32-c5b1-4db3-97b2-89bf9440b640','User','9f57ce33-1365-4071-bcfd-59804e737094','CREATE',NULL,'{\"id\": \"9f57ce33-1365-4071-bcfd-59804e737094\", \"email\": \"demoo@gmail.com\", \"status\": \"active\", \"lastName\": \"demoo\", \"password\": \"$2a$10$Q3WnaWE3wQkqKg0euOvhE.A/spVM59RlaCjl2ZtSwAfMxjGxdwcKa\", \"userType\": \"property_listing\", \"verified\": false, \"createdAt\": \"2025-06-16T08:43:29.279Z\", \"firstName\": \"demoo\", \"updatedAt\": \"2025-06-16T08:43:29.279Z\", \"mobileNumber\": \"9898989898\"}',NULL,'9f57ce33-1365-4071-bcfd-59804e737094','2025-06-16 08:43:29','2025-06-16 08:43:29'),('dfe6bbfc-6876-4d30-a1f4-a8c11af493a4','User','bf700ef5-6173-44fb-b305-93d5170c9cbe','CREATE',NULL,'{\"id\": \"bf700ef5-6173-44fb-b305-93d5170c9cbe\", \"email\": \"apnafriend03@gmail.com\", \"status\": \"active\", \"lastName\": \"asdfas\", \"password\": \"$2a$10$5DSjtZqdJSBM4EtSRI2wgOyQV7zSFBHMWHs2piurVARf6OgSp/Q66\", \"userType\": \"property_listing\", \"createdAt\": \"2025-04-04T06:44:59.793Z\", \"firstName\": \"tst\", \"updatedAt\": \"2025-04-04T06:44:59.793Z\", \"mobileNumber\": \"1234567890\"}',NULL,'bf700ef5-6173-44fb-b305-93d5170c9cbe','2025-04-04 06:44:59','2025-04-04 06:44:59'),('e63c2575-68c6-46b7-8964-84adac97f0f1','User','0136b18e-ec40-49cd-b5e2-3051b865072b','CREATE',NULL,'{\"id\": \"0136b18e-ec40-49cd-b5e2-3051b865072b\", \"email\": \"ankurkum8051@gmail.com\", \"status\": \"active\", \"lastName\": \"Kumar\", \"password\": \"$2a$10$mMp9/E65AtHmEPgoHipvWeR.LxLCArTo4Nes8HTxWg8xJF.zr0NVO\", \"userType\": \"property_listing\", \"verified\": false, \"createdAt\": \"2025-07-13T06:28:32.990Z\", \"firstName\": \"Ankur\", \"updatedAt\": \"2025-07-13T06:28:32.990Z\", \"mobileNumber\": \"9430974314\"}',NULL,'0136b18e-ec40-49cd-b5e2-3051b865072b','2025-07-13 06:28:33','2025-07-13 06:28:33'),('eaa272cd-044b-4ec8-8c27-67792ff877a3','User','486eea35-3a91-4e03-a8c4-60c9dd1a6bb0','CREATE',NULL,'{\"id\": \"486eea35-3a91-4e03-a8c4-60c9dd1a6bb0\", \"email\": \"snehal.patil.081995@gmail.com\", \"status\": \"active\", \"lastName\": \"patil\", \"password\": \"$2a$10$TTPQawam2FTXOP0W3Si7QO9G758fBg3W1.YmzVqs9BBNtxfPsTctq\", \"userType\": \"property_listing\", \"createdAt\": \"2025-04-04T10:33:40.678Z\", \"createdBy\": \"0b027b1d-9d43-409b-9a83-4cc5dd77d9a8\", \"firstName\": \"snehal\", \"updatedAt\": \"2025-04-04T10:33:40.678Z\", \"updatedBy\": \"0b027b1d-9d43-409b-9a83-4cc5dd77d9a8\", \"mobileNumber\": \"1234567890\"}',NULL,'486eea35-3a91-4e03-a8c4-60c9dd1a6bb0','2025-04-04 10:33:40','2025-04-04 10:33:40'),('ec0c1bad-4fc2-4e2b-ac26-7999e0d66043','User','fdb4e155-156b-45a8-80e3-a92869675c96','CREATE',NULL,'{\"id\": \"fdb4e155-156b-45a8-80e3-a92869675c96\", \"email\": \"testdorpay@mailinator.com\", \"status\": \"active\", \"lastName\": \"fads\", \"password\": \"$2a$10$QZ3Rjg8YCWwuZBuWXJQKXuxE4LESZphUIGo.34qYSmjDJlcOmXIAC\", \"userType\": \"property_searching\", \"verified\": false, \"createdAt\": \"2025-06-13T10:40:07.934Z\", \"firstName\": \"test\", \"updatedAt\": \"2025-06-13T10:40:07.934Z\", \"mobileNumber\": \"9098889767\"}',NULL,'fdb4e155-156b-45a8-80e3-a92869675c96','2025-06-13 10:40:08','2025-06-13 10:40:08'),('f7a96bf2-8fc8-4bb0-9110-6b644daabfc7','User','102aab54-9a18-4e5c-baeb-9108137341b8','CREATE',NULL,'{\"id\": \"102aab54-9a18-4e5c-baeb-9108137341b8\", \"email\": \"rakesh@rsoultek.com\", \"status\": \"active\", \"lastName\": \"kumar\", \"password\": \"$2a$10$GIFPGILx.eSvppz6pucY/OCW2QTXALqkuLJMyHyBj7FsHHgxGU/mi\", \"userType\": \"property_searching\", \"verified\": false, \"createdAt\": \"2025-04-06T07:12:44.558Z\", \"createdBy\": \"0b027b1d-9d43-409b-9a83-4cc5dd77d9a8\", \"firstName\": \"rakesh\", \"updatedAt\": \"2025-04-06T07:12:44.558Z\", \"updatedBy\": \"0b027b1d-9d43-409b-9a83-4cc5dd77d9a8\", \"mobileNumber\": \"0987654321\"}',NULL,'102aab54-9a18-4e5c-baeb-9108137341b8','2025-04-06 07:12:44','2025-04-06 07:12:44'),('fe09355a-6720-42d1-b5ca-f4756fa39a03','User','38b51daf-eee1-45b0-8eb4-343f5ed271ff','UPDATE','{\"userType\": \"admin\", \"updatedBy\": \"38b51daf-eee1-45b0-8eb4-343f5ed271ff\"}','{\"userType\": \"property_listing\", \"updatedBy\": \"0b027b1d-9d43-409b-9a83-4cc5dd77d9a8\"}','[\"userType\", \"updatedBy\"]','0b027b1d-9d43-409b-9a83-4cc5dd77d9a8','2025-04-04 10:22:35','2025-04-04 10:22:35');
/*!40000 ALTER TABLE `AuditLogs` ENABLE KEYS */;
UNLOCK TABLES;

--
-- Table structure for table `PasswordResetTokens`
--

DROP TABLE IF EXISTS `PasswordResetTokens`;
/*!40101 SET @saved_cs_client     = @@character_set_client */;
/*!50503 SET character_set_client = utf8mb4 */;
CREATE TABLE `PasswordResetTokens` (
  `id` char(36) CHARACTER SET utf8mb4 COLLATE utf8mb4_bin NOT NULL DEFAULT (uuid()),
  `userId` char(36) CHARACTER SET utf8mb4 COLLATE utf8mb4_bin NOT NULL,
  `token` varchar(255) NOT NULL,
  `expiresAt` datetime NOT NULL,
  `used` tinyint(1) DEFAULT '0',
  `createdAt` datetime NOT NULL,
  `updatedAt` datetime NOT NULL,
  PRIMARY KEY (`id`),
  KEY `userId` (`userId`),
  KEY `password_reset_tokens_token` (`token`),
  KEY `password_reset_tokens_expires_at` (`expiresAt`),
  CONSTRAINT `passwordresettokens_ibfk_1` FOREIGN KEY (`userId`) REFERENCES `Users` (`id`) ON DELETE CASCADE ON UPDATE CASCADE
) ENGINE=InnoDB DEFAULT CHARSET=utf8mb4 COLLATE=utf8mb4_0900_ai_ci;
/*!40101 SET character_set_client = @saved_cs_client */;

--
-- Dumping data for table `PasswordResetTokens`
--

LOCK TABLES `PasswordResetTokens` WRITE;
/*!40000 ALTER TABLE `PasswordResetTokens` DISABLE KEYS */;
INSERT INTO `PasswordResetTokens` VALUES ('10735a83-b7a7-4bf0-84a1-e757da4cc73d','0b027b1d-9d43-409b-9a83-4cc5dd77d9a8','8c358900e30124f66f8b3df5afd6269ba119250f0cd751e9ab039b2d88b31c1c4564947cc7d648dd','2025-04-15 07:23:24',1,'2025-04-15 06:23:24','2025-04-15 06:23:47'),('2cea0abe-94fd-41ea-8070-656aea254f00','0b027b1d-9d43-409b-9a83-4cc5dd77d9a8','107c7abb7ad671477a612d2cfd6c3dbf80e0142b750c6c48653e12a1eafa66f127e4ef4a63bffab8','2025-04-05 04:50:19',0,'2025-04-05 03:50:19','2025-04-05 03:50:19'),('56183605-48e2-4770-b2c6-db6f9e58afaa','0b027b1d-9d43-409b-9a83-4cc5dd77d9a8','5a222bf4db739a0bcad490ae229a8bf4a65c636fe1fd58ccfbca0939764710acc8fc47a8d6981d53','2025-04-05 05:15:58',0,'2025-04-05 04:15:58','2025-04-05 04:15:58'),('61cd3cf5-5dd4-4930-bc9c-a75aa908658f','0b027b1d-9d43-409b-9a83-4cc5dd77d9a8','4e093dd97dc89ea7f90d598929eaf49b17b1098af15b7572c433e0b3ed649e4e0a8762d34f35e51e','2025-05-16 06:56:08',0,'2025-05-16 05:56:08','2025-05-16 05:56:08'),('70063ade-9462-4f03-92b4-f1fc77b7b318','0b027b1d-9d43-409b-9a83-4cc5dd77d9a8','1fe74942fa990f0f1f0cd707a0dd6fe4233b572c7870c81bfa10ab241727ec2d023f112ad4725138','2025-04-05 05:04:36',0,'2025-04-05 04:04:36','2025-04-05 04:04:36'),('736e5275-5c5c-4fe6-bd5a-06252980d825','0b027b1d-9d43-409b-9a83-4cc5dd77d9a8','7296d6f98da87db4dcadfae9328a3c36e73d8727cc24b824b69a2402986786917139e98316acfdd1','2025-04-05 05:21:11',1,'2025-04-05 04:21:11','2025-04-05 04:29:05'),('939bca2c-4101-4c2a-876b-1e486b23c190','0b027b1d-9d43-409b-9a83-4cc5dd77d9a8','2ff1dbf0c898dbca4b85032c7fcf22082404374aba15638aeee9f12f19ef18d8ae0aae9b29162bf1','2025-04-04 10:52:04',1,'2025-04-04 09:52:04','2025-04-04 09:52:46'),('aaf70f13-5cc7-4e96-ae1e-4b62dc98e981','0b027b1d-9d43-409b-9a83-4cc5dd77d9a8','d0dce5f087620da3f8f8a029e644767d79f2a6fb9cfc056df0fd8b9bf75fa275e17b5d806612c684','2025-04-05 15:42:26',0,'2025-04-05 14:42:26','2025-04-05 14:42:26'),('afd6a9f5-0fca-447f-ae90-086fed571080','0b027b1d-9d43-409b-9a83-4cc5dd77d9a8','f13cee9d9db14b87a63aee13344bee400e655258e6f803f53b019f74d4f63d703d8f4a93f1ea0d9e','2025-05-16 07:07:43',0,'2025-05-16 06:07:43','2025-05-16 06:07:43'),('b25bb02b-ec08-4562-8795-ed0d92ad3e8f','0b027b1d-9d43-409b-9a83-4cc5dd77d9a8','6bf62156c16135d2b7742a09f569b20ef2f6f8dbfffd516fbf009533354ad477c768fb96254ea016','2025-04-05 05:07:52',0,'2025-04-05 04:07:52','2025-04-05 04:07:52'),('cbbdb0df-a6b3-4fb4-a6fa-c416c6452677','0b027b1d-9d43-409b-9a83-4cc5dd77d9a8','fa22df7a8169bb3b770faa31c0750b6e9d3f4574cb83f15e386e10aa133467587c2951dff62bc1b3','2025-05-16 07:03:32',0,'2025-05-16 06:03:32','2025-05-16 06:03:32'),('ce6559d0-4424-43ee-aa75-6e7a50e6b9ef','0b027b1d-9d43-409b-9a83-4cc5dd77d9a8','4bafae171dff3177bb9f1bafdb0b00cb72c1999e693a0ec7a499921614c9fa2314f6a3d9d61c672f','2025-04-05 05:00:46',0,'2025-04-05 04:00:46','2025-04-05 04:00:46'),('da8b9461-ef06-41f9-ad83-a31db250c78c','0b027b1d-9d43-409b-9a83-4cc5dd77d9a8','3be47029699f185673523ba3ab8defae5e65ca192c9c0e5b6475c11a5a6903bb5d9ee4fa54a9ff12','2025-04-04 09:34:51',1,'2025-04-04 08:34:51','2025-04-04 08:35:37'),('fee5d36b-f3c0-41c3-967e-6cfb6ae23d09','0b027b1d-9d43-409b-9a83-4cc5dd77d9a8','1b931b31e0548661058216ffdd4ced988c2dd91a02e8eaae92e4b551ea27be71ac212ba7675ae61d','2025-05-16 07:02:25',0,'2025-05-16 06:02:25','2025-05-16 06:02:25');
/*!40000 ALTER TABLE `PasswordResetTokens` ENABLE KEYS */;
UNLOCK TABLES;

--
-- Table structure for table `Permissions`
--

DROP TABLE IF EXISTS `Permissions`;
/*!40101 SET @saved_cs_client     = @@character_set_client */;
/*!50503 SET character_set_client = utf8mb4 */;
CREATE TABLE `Permissions` (
  `id` char(36) CHARACTER SET utf8mb4 COLLATE utf8mb4_bin NOT NULL,
  `name` varchar(255) NOT NULL,
  `module` varchar(255) NOT NULL,
  `action` varchar(255) NOT NULL,
  `description` text,
  `isSystem` tinyint(1) NOT NULL DEFAULT '0',
  `status` enum('active','inactive') NOT NULL DEFAULT 'active',
  `createdBy` char(36) CHARACTER SET utf8mb4 COLLATE utf8mb4_bin DEFAULT NULL,
  `updatedBy` char(36) CHARACTER SET utf8mb4 COLLATE utf8mb4_bin DEFAULT NULL,
  `createdAt` datetime NOT NULL,
  `updatedAt` datetime NOT NULL,
  PRIMARY KEY (`id`),
  UNIQUE KEY `permissions_module_action` (`module`,`action`),
  KEY `createdBy` (`createdBy`),
  KEY `updatedBy` (`updatedBy`),
  CONSTRAINT `permissions_ibfk_1` FOREIGN KEY (`createdBy`) REFERENCES `Users` (`id`),
  CONSTRAINT `permissions_ibfk_2` FOREIGN KEY (`updatedBy`) REFERENCES `Users` (`id`)
) ENGINE=InnoDB DEFAULT CHARSET=utf8mb4 COLLATE=utf8mb4_0900_ai_ci;
/*!40101 SET character_set_client = @saved_cs_client */;

--
-- Dumping data for table `Permissions`
--

LOCK TABLES `Permissions` WRITE;
/*!40000 ALTER TABLE `Permissions` DISABLE KEYS */;
INSERT INTO `Permissions` VALUES ('052c7d89-7221-48de-a3a3-4306b371584f','booking - update','booking','update','Update booking status',1,'active',NULL,NULL,'2025-04-05 05:37:10','2025-04-05 05:37:10'),('08425f09-17dc-44ef-af44-2079b8cb4ede','review management - reply','review_management','reply','Reply to reviews',1,'active',NULL,NULL,'2025-04-05 05:37:10','2025-04-05 05:37:10'),('0b9f06aa-05fb-46af-afe0-843f6c036010','subscription plans - delete','subscription_plans','delete','Delete subscription plans',1,'active',NULL,NULL,'2025-04-05 05:37:10','2025-04-05 05:37:10'),('0c81f053-4278-4255-8fb2-21c58895233b','notification center - view','notification_center','view','View notifications',1,'active',NULL,NULL,'2025-04-05 05:37:10','2025-04-05 05:37:10'),('0d480d60-6790-4310-8ecf-65002f7ff26b','role permission - assign','role_permission','assign','Assign roles to users',1,'active',NULL,NULL,'2025-04-05 05:37:10','2025-04-05 05:37:10'),('17e864d0-1dc7-4140-b394-452ea70cacc3','review management - view','review_management','view','View reviews',1,'active',NULL,NULL,'2025-04-05 05:37:10','2025-04-05 05:37:10'),('22098e84-2aca-460a-a2f0-3efe5fdd1469','owner management - activate','owner_management','activate','Activate/Deactivate property owners',1,'active',NULL,NULL,'2025-04-05 05:37:10','2025-04-05 05:37:10'),('26fd3575-7cb0-414a-8f77-9702b7221c8c','role permission - update','role_permission','update','Update roles and permissions',1,'active',NULL,NULL,'2025-04-05 05:37:10','2025-04-05 05:37:10'),('3dacde71-11e1-428d-8acd-c9508b61c8e9','settings - update','settings','update','Update settings',1,'active',NULL,NULL,'2025-04-05 05:37:10','2025-04-05 05:37:10'),('41af0236-b25f-402f-a4e5-b98aa55af579','role permission - view','role_permission','view','View roles and permissions',1,'active',NULL,NULL,'2025-04-05 05:37:10','2025-04-05 05:37:10'),('48fbc1ce-71fd-4f57-ad2b-7b419404e57f','subscription plans - create','subscription_plans','create','Create subscription plans',1,'active',NULL,NULL,'2025-04-05 05:37:10','2025-04-05 05:37:10'),('4f6fea85-717c-4f14-a314-368201183197','user management - activate','user_management','activate','Activate/Deactivate users',1,'active',NULL,NULL,'2025-04-05 05:37:10','2025-04-05 05:37:10'),('5bb656e4-8584-4ceb-bdac-eaebfe91de6e','user management - update','user_management','update','Update users',1,'active',NULL,NULL,'2025-04-05 05:37:10','2025-04-05 05:37:10'),('706ff649-3eb5-4542-82f4-8e0cad62aa47','review management - moderate','review_management','moderate','Moderate reviews',1,'active',NULL,NULL,'2025-04-05 05:37:10','2025-04-05 05:37:10'),('792ca27b-03f2-4bb5-ab9f-7d961446fa23','owner management - view','owner_management','view','View property owners',1,'active',NULL,NULL,'2025-04-05 05:37:10','2025-04-05 05:37:10'),('7bb9dbdf-1672-4f3d-bc01-168a20829a4c','profile - view','profile','view','View own profile',1,'active',NULL,NULL,'2025-04-05 05:37:10','2025-04-05 05:37:10'),('7cc90d8e-8c93-4269-a40b-8706c96d7a24','property management - update','property_management','update','Update properties',1,'active',NULL,NULL,'2025-04-05 05:37:10','2025-04-05 05:37:10'),('7de6c921-46b8-4da4-95cd-af52d6c0629c','property management - create','property_management','create','Create properties',1,'active',NULL,NULL,'2025-04-05 05:37:10','2025-04-05 05:37:10'),('802c1025-16c6-440a-a814-056ac9397fa6','wishlist - delete','wishlist','delete','Remove from wishlist',1,'active',NULL,NULL,'2025-04-05 05:37:10','2025-04-05 05:37:10'),('898cf042-2e9e-454a-847f-19e869c80fff','payment reports - view','payment_reports','view','View payment reports',1,'active',NULL,NULL,'2025-04-05 05:37:10','2025-04-05 05:37:10'),('956383aa-cb25-434e-ada9-fc1e60d03678','user management - create','user_management','create','Create users',1,'active',NULL,NULL,'2025-04-05 05:37:10','2025-04-05 05:37:10'),('a3b04511-9f24-41cf-94af-b028761f3227','notification center - send','notification_center','send','Send notifications',1,'active',NULL,NULL,'2025-04-05 05:37:10','2025-04-05 05:37:10'),('a3d122de-4c4b-4cc1-9f97-c58eb7e44865','booking - create','booking','create','Create booking requests',1,'active',NULL,NULL,'2025-04-05 05:37:10','2025-04-05 05:37:10'),('a8a37531-d526-4eb5-8c93-acaa03cdd760','profile - update','profile','update','Update own profile',1,'active',NULL,NULL,'2025-04-05 05:37:10','2025-04-05 05:37:10'),('aab2bd34-5e2d-4912-aae3-2767261f8b09','user management - view','user_management','view','View users',1,'active',NULL,NULL,'2025-04-05 05:37:10','2025-04-05 05:37:10'),('ae0d7bbe-7a0a-4eaf-83c3-9e0c18d37955','property management - delete','property_management','delete','Delete properties',1,'active',NULL,NULL,'2025-04-05 05:37:10','2025-04-05 05:37:10'),('b9322c44-84bd-48c2-8152-5c89b24e7a52','cms - update','cms','update','Update CMS pages',1,'active',NULL,NULL,'2025-04-05 05:37:10','2025-04-05 05:37:10'),('ba8d37aa-75e1-4771-93a2-e985836d8615','wishlist - view','wishlist','view','View wishlists',1,'active',NULL,NULL,'2025-04-05 05:37:10','2025-04-05 05:37:10'),('c110adae-6746-4526-83a6-63ad366dcd28','property management - approve','property_management','approve','Approve/Reject property listings',1,'active',NULL,NULL,'2025-04-05 05:37:10','2025-04-05 05:37:10'),('c42da947-8763-46a1-ac65-25ff6f40e5fc','booking - view','booking','view','View bookings',1,'active',NULL,NULL,'2025-04-05 05:37:10','2025-04-05 05:37:10'),('c627f240-22b1-4932-88a1-5f60ea483161','cms - view','cms','view','View CMS pages',1,'active',NULL,NULL,'2025-04-05 05:37:10','2025-04-05 05:37:10'),('c9d1de15-f9c1-45a5-926f-427131300282','user management - delete','user_management','delete','Delete users',1,'active',NULL,NULL,'2025-04-05 05:37:10','2025-04-05 05:37:10'),('cd8a553a-a2eb-49ad-83ec-f8cb7e7cad43','property management - view','property_management','view','View properties',1,'active',NULL,NULL,'2025-04-05 05:37:10','2025-04-05 05:37:10'),('d45ea917-5ebb-4835-b869-468c6b6c8e38','role permission - create','role_permission','create','Create roles and permissions',1,'active',NULL,NULL,'2025-04-05 05:37:10','2025-04-05 05:37:10'),('d75d8714-7ea7-477a-a114-80b094e0c55e','wishlist - create','wishlist','create','Add to wishlist',1,'active',NULL,NULL,'2025-04-05 05:37:10','2025-04-05 05:37:10'),('deb28ef9-764f-4706-b83c-c5ee4d97fab1','subscription plans - update','subscription_plans','update','Update subscription plans',1,'active',NULL,NULL,'2025-04-05 05:37:10','2025-04-05 05:37:10'),('e3c769d5-9ee5-4f14-a53b-72de18a4f478','dashboard - view','dashboard','view','View dashboard',1,'active',NULL,NULL,'2025-04-05 05:37:10','2025-04-05 05:37:10'),('e4910150-5a0c-4ac7-994a-2233ff983854','settings - view','settings','view','View settings',1,'active',NULL,NULL,'2025-04-05 05:37:10','2025-04-05 05:37:10'),('f18a6435-123f-43d6-b6a9-c94beb6813f5','role permission - delete','role_permission','delete','Delete roles and permissions',1,'active',NULL,NULL,'2025-04-05 05:37:10','2025-04-05 05:37:10'),('f6a64355-972a-4e55-a76e-a598de0fb53d','booking - delete','booking','delete','Cancel bookings',1,'active',NULL,NULL,'2025-04-05 05:37:10','2025-04-05 05:37:10'),('f7c8f09a-ee6a-4c12-aa3f-cce6f42380d9','dashboard - view admin','dashboard','view_admin','View admin dashboard with all metrics',1,'active',NULL,NULL,'2025-04-05 05:37:10','2025-04-05 05:37:10'),('ffd2b8d9-5723-40ea-9144-0794f1f9476e','subscription plans - view','subscription_plans','view','View subscription plans',1,'active',NULL,NULL,'2025-04-05 05:37:10','2025-04-05 05:37:10');
/*!40000 ALTER TABLE `Permissions` ENABLE KEYS */;
UNLOCK TABLES;

--
-- Table structure for table `Properties`
--

DROP TABLE IF EXISTS `Properties`;
/*!40101 SET @saved_cs_client     = @@character_set_client */;
/*!50503 SET character_set_client = utf8mb4 */;
CREATE TABLE `Properties` (
  `id` char(36) CHARACTER SET utf8mb4 COLLATE utf8mb4_bin NOT NULL,
  `title` varchar(255) NOT NULL,
  `ownerId` char(36) CHARACTER SET utf8mb4 COLLATE utf8mb4_bin NOT NULL,
  `propertyType` enum('flat','house','villa','pg','flatmate') NOT NULL,
  `address` varchar(255) NOT NULL,
  `city` varchar(255) NOT NULL,
  `state` varchar(255) NOT NULL,
  `pincode` varchar(10) DEFAULT '000000',
  `price` float NOT NULL,
  `totalArea` float DEFAULT '0',
  `furnishedStatus` enum('furnished','semi-furnished','unfurnished') NOT NULL,
  `amenities` json DEFAULT NULL,
  `description` text,
  `images` json DEFAULT NULL,
  `availabilityStatus` enum('available','rented','sold','pending') DEFAULT 'available',
  `flatType` enum('1BHK','2BHK','3BHK','4BHK','5+BHK') DEFAULT NULL,
  `floorNumber` int DEFAULT NULL,
  `totalFloors` int DEFAULT NULL,
  `buildingAge` int DEFAULT NULL,
  `numRooms` int DEFAULT NULL,
  `numKitchens` int DEFAULT NULL,
  `numBathrooms` int DEFAULT NULL,
  `carpetArea` float DEFAULT NULL,
  `numBalconies` int DEFAULT NULL,
  `plotArea` float DEFAULT NULL,
  `numFloors` int DEFAULT NULL,
  `pgRoomType` enum('shared','single bed','2 bed','3 bed','4 bed') DEFAULT NULL,
  `mealsIncluded` tinyint(1) DEFAULT NULL,
  `pgRules` json DEFAULT NULL,
  `numExistingFlatmates` int DEFAULT NULL,
  `genderPreference` enum('male','female','any') DEFAULT NULL,
  `occupationPreference` varchar(255) DEFAULT NULL,
  `createdAt` datetime NOT NULL,
  `updatedAt` datetime NOT NULL,
  `nearbyFacilities` json DEFAULT NULL,
  `isPremiumListing` tinyint(1) NOT NULL DEFAULT '0',
  `viewCount` int NOT NULL DEFAULT '0',
  `latitude` float DEFAULT NULL,
  `longitude` float DEFAULT NULL,
  `purpose` enum('residential','commercial') DEFAULT 'residential',
  `furnishing` enum('unfurnished','semi-furnished','fully-furnished') DEFAULT 'unfurnished',
  `leaseTerms` text,
  `petFriendly` tinyint(1) NOT NULL DEFAULT '0',
  `moveInDate` datetime DEFAULT NULL,
  PRIMARY KEY (`id`),
  KEY `ownerId` (`ownerId`),
  CONSTRAINT `properties_ibfk_1` FOREIGN KEY (`ownerId`) REFERENCES `Users` (`id`) ON DELETE CASCADE ON UPDATE CASCADE
) ENGINE=InnoDB DEFAULT CHARSET=utf8mb4 COLLATE=utf8mb4_0900_ai_ci;
/*!40101 SET character_set_client = @saved_cs_client */;

--
-- Dumping data for table `Properties`
--

LOCK TABLES `Properties` WRITE;
/*!40000 ALTER TABLE `Properties` DISABLE KEYS */;
INSERT INTO `Properties` VALUES ('987dc09b-f355-4e4f-b059-78b893502854','Affordable 2 BHK Flat','0b027b1d-9d43-409b-9a83-4cc5dd77d9a8','flat','2nd Stage BTM Layout , Bengaluru','Bengaluru','Karnataka','560076',18000,0,'unfurnished','[\"parking\"]','600 sq.ft. 2 BHK flat in BTM Layout, Bangalore—two bright bedrooms, spacious living-dining area, semi-fitted kitchen and dedicated bike parking. Conveniently located near transit, schools and eateries.','[\"data:image/jpeg;base64,/9j/4AAQSkZJRgABAQEAyADIAAD/2wBDABALDA4MChAODQ4SERATGCgaGBYWGDEjJR0oOjM9PDkzODdASFxOQERXRTc4UG1RV19iZ2hnPk1xeXBkeFxlZ2P/2wBDARESEhgVGC8aGi9jQjhCY2NjY2NjY2NjY2NjY2NjY2NjY2NjY2NjY2NjY2NjY2NjY2NjY2NjY2NjY2NjY2NjY2P/wAARCAJYAcIDASIAAhEBAxEB/8QAGwAAAgMBAQEAAAAAAAAAAAAAAQIAAwQFBgf/xABCEAABAwIEBAMFBgQFAwQDAAABAAIRAyEEEjFBBVFhcRMiMiOBkaGxM0JSYsHRBhRy8BUkNFPhQ5LxFkSCojVzsv/EABgBAQEBAQEAAAAAAAAAAAAAAAABAgME/8QAIxEBAQACAgMBAAIDAQAAAAAAAAECERIxAyFBMhNRIkJxYf/aAAwDAQACEQMRAD8A6ER2R2RSleWV10joIEW6qpwv1CfN71HDM4c+YWkU62QmCmcJP5kkzYoDKMpNEZQNKiWUZQc/FcHoViXUyaTjy0+C51bhOLoHNTioBu03XoVFd0ecp8QxmGIa9zrbPC3UeOMdHi0iOrTK6dSmyo3LUY1w5OErBW4Nh6kmmXUj0uFdxGyjjMPWHs6rSeRsVcvO1eE4qldmWoOhgqqnjcXhHZC57Y+68fumh6dAhcehxubVqfvb+y30uIYarAFQA8nWU0LyEhCsmRa6BUFJssfE2Un4R3iuDS27T1W5wXA4xXFXECm0+Vmvdak3StHCcOxtI182Zz7dl1GLh8GeWYh1OZa4T7wu40htyYCmU9k6PCICxYji2HoyGHxXcm6fFcrE8UxFeQHeG3k391dDuYjHYfDD2jwXfhbcrk4rjVV8toN8NvPUrll3Mpc0rUxRZUqOqOLnuLnHcmUkrXhOGYnFAOazKw/efYLtYTgmGowavtn9dPgruQcHDYLEYoxRpkj8RsB712sJwGnTIdiX+IfwiwXXaA0Q0AAbBMsXKroWgNAAEAaBFBGVkGVEFFQVEFEBlRCUEBlAlRBQHZOwS7sJskGvQKxlmzzVBcTKLQlFyrALLGSwQrWjyypSp5zJ0VtTQBRSgJglCcICEwQCIQMEQgiFQVFFEEUUUQcopSoHSosqUjklnmmKQ3Vl0iGCDJuqyOevPmmkiyhuAF0QnQoGyLheN9ilnmgkogpJhEFQOCjKSVJQMohKkoClfTZUEPa1w5ESjKkqjBW4Phql2B1I/lNvgsNXhGIpGaZbVbyBgruqJtHGZim0agbUo1sPsA11vn+6vfxJlNocyp4rZiHNyuj6FdFzWvaWvaHA7ESqW4TDsfmFFsqjNU4pRfTc2gXOqxYZdCuUzCPczzPotduXPElacdSbRxT4YGtMEACxWQ4hwdlY2Tya2Un/AIAzDV8LWbVaWvDTJLSDZWYnGUa2NbnL30RqycqT+ZzOyvaA7q2CnwrGuxTCWAyYuJV/6f8AEe7Dtl9PDsb/AFOLoWTEVv5mqPDpgO08jYn3LtP4NQquBFSo1n4AbLbh8JQww9jTDTz3+KbkRwsLwXEViDV9k3rr8F2cJwvDYaCGZ3/ifda0QpbaGCKARWVFMllRA0qSllFUMCpKWUZQFSUJQlAVJQlSVAZUQlSVQwEwOascUjNSeVkQZcJ0QWMY5wkCUz5pBrzGQHzDeE7KjWkH3FK+KohwlvJYrS9+IawWFkc2YArK/wAzmt960N0CgcJglCYIGRQCIVDIoKICogogKioOLogkZxZRByTmZ6tOadr1Y4SLql1Mtu245KCyZSlVtqKyZCilISTsrCkIVl0gG4KRw0n3FMbKaxN107RX0KGiZw/8pehQGUZSIgqBpUSyjKAyillSUDSpKEqSqgqISogSrRZWblqNkLm4mi3h7fEpPcM5iAL/ABXVVdei2vSdTeJB+SDiYgis4OqVQ8i4JkkJuHVGfzOR7fN90zuslanUw1Z1N2oP9lKx5Y8PaYcDMrWk29Ow2Viow9QVaLKjdHBXrKoiEFEDAopUZQFGUsqSgZSUqKBlJSypKBkEJUlAVJQUQMoOaWU7BfoLoLPS0D3INulcZsnaFnKrDtAVo0VbQmfZhWFSn5nF3uWgKqi2GhWhAwTBAIqhgigqm4ik6uaLXTUGwQXqI6IKiLHi8QTNKmb/AHj+iOMxPhjw2Hzn5LG0QFAMqiZRFOQiGyw80FGmAQoM9ejld1O6qa8tMO1581pq1A97QBcJC0FsEIAHAqFVOa6nfVqZr5CqCUhsU5QKS6AmYlI4R2RNuykyuku0IUNEXD4JSgIKMpJRlQNKMpZUQNKMpVJRDSohKioMqISogxcTwn8xSzsHtGadRyXCheqWGrwujVqufmc2TJA0VlGfg+IhxoOOt2/quuCslLh+HovD2tJcNCStQUoZSUEUBlSUqMoGlRBRAVJQUlAZUlLKBKBpUBSSoCgslFJKIKBxqrG+Vs81U2572VjzsgIuZVjVU1WtXOtLGp4DhdK1WBQM1OEoTBUMEUFRjMWzCUTUeZOw5lAvEMa3C0w0H2r7NH6rNwXzYl5NzEklcfxKmLxJrVCTJsF3eCgeLXI0EAfNZvbprUdN2pWbFYkUGwLvOgTYnECi213HQLlklzi5xknUlacxbJcXOMuNyU4QATRZFSFFFEDpSmQKgrygGYUKJQKBSqX07y2x5K4oFEZ2vIMHXknBkKPYHd+aVjS03MqglIRGichKUCB10CI7KEXQlbl2gFCVCI7KKggogpJRBUDyjKRGUDSjKWVJQNKiCKCIoKIIVFEEDSpKCMoghRBRUGVJQUQGUJQQQGUJQUQGVJQUQPKIKRMNUF1Pc8kZkpdGgbotUypFjVa1VtVjVzaWNVgSNThUOEwSBRzwxpc4gAXJKCV67MPSNSoYA+a8zicRUx+JLnWYNhsOSsx2OfjMSAz7NmgP1KRjA0BrQpbpvGLKMCo3kDPuC7HAfRWPUX9y41K7yehXb4MHNwtZ33Zt3/uFidtZdKXvNSo55vJt2SxKYCygC6uYgJkAjoJUEUSQ/nCiC0oFEoFQKUCiUCgUpUxSlEKUCmSlApSlMUpQI4JCFY7RIVQih+SJSzC3LtNJKgUKAVDBFDIUwYeYQRRHIeYRyHmEARRyHp8VMh6fFAFEcp/sqZSiAojlKBBRURQupBQFRSDyUg8kEURynkplPJEKonDCp4Z5IEhSFZ4ZUyOQVwpCsyFTIeSBITMElTLCZtgSgJMlO1VhWtWKp2q1qraFY0LKrGpwkanVDSuHxfHmq/8AlqJ8o9RG5WjiuP8AAZ4NM+0dy2C5FNmW5uTqpbprGHpsDBGp3KspVwK+VpvB+iy18RlBYz1FHB0Xlj659MEA804+t1rfvTXQMNLvy/Wy72AhvCJ5glefYcrY5r0FLycHZ1H6rOPa5dM40RAQAsmAXRzQKFwE8goTAVNSXEU2nXUoIagndRXCkyFFDZigUSgVAClOiYpSgUoFEoFEKUpTFKUClKUxQKBSqyrCkcECpSEyBVUiem3dBWsb5QtTJLEDf7hEN/uEQ1HL1V5RNBl/uE2W/wDwiB1RjqnKJoMt9kQ3t8EQOqMdU5Q0UNB2CmQJo6oweacoulZZZJlKvvzULZ3TlDSgt7IZegV+TqiGQnKGlbW9k3h9k0Ix1TlE0QMtsmy20Cb3qQeavKGi5egRjsjHVSOqcoaCOymXsjB5opyhosdApltomgqXTlDRS22gVThFlf8ABVVBBlS5RZFT9FdTu0FVOEq2j6ApeidrmqxqrarAsqcLJxHHNwlK16jvSP1VmJxDMPRNR+2g5nkuA9z69Y1alyUakBuZzjUqGXuO6SvWyDK31KVquSwuUGUC2i+q/wBWUkDkmM37q5ZaU06Ln0nVHaRZdqqA3ClosIhY3ty0Mo3cxvzC14g+y94Ws/yxh7yU03AFwOpbA+IP6L0FQZeHUG9B9F55gzVAF6PG2p0mLli6Zs2ygNpKDiAJJgKqpV+GwXRgalQi/wAE+HpkAudqfkq6VNznZn3OsLUAoIomhRUVoIlQrIUpUxSlApSpylKBSlKYpSiFKBTFA6KhUjgnSlQVlRFBFBXMHlCqVzPSEDQpCiKIgRUUQFRRFBEVFEVEYURQBFBKHtLoBugZRRFEBFRRFRSEVEEUUUQRRRRBIVVXUK1V1fUFBWQrKXpSkJqQt711y6Yi4KOqBjC5xhouSVAuLxDFnE1PBpH2YNyN1huTarFYh2NxGbSk2zQq6tQMEC7joEbMAAT4fDnN4lS52CT21bqBhsPfPUu5XYgexcOcBXAWVdf0D+ofVbcqSrc0hzrD5CVor/Zj+pUOE1qHRzj8iFdW9Le6z5Py14+0wTJxdO0+YBd7HfaMHILl8LpzUpmbl+nQBdLGGcT2ACxi3l2VjA+QeSzeBkqn7xmy2UbSSq4uTzW2Qa3KOqcIBMgiiXO3mogUpUSgsgFKUxQKBSlKYpSgUoFEoFEKUqYpVQClKYoFQIQgmKVFBX0/QFSrqfpCBoRUUCCIhBFAUUEUEUURQRFBFACstNuXEEwb6rUpAmYRECKCiKKiCKCIoIoIiEEQgiCKigirfeoFYkImoeys7L0UhNTChUZoumXTEUcTe5uCdlMFxDVyAAxsrq8V/wBM0c3hcyhQfi6wYPLTFyViTfp03qGwlHxiartAbLXlhavBZSYGMENAVThdas0527VxZUYjWkOb/wBCtJWet9vSHIl3yj9VYiNE4il/S4/MJ6+rR0KFITigPw0h8z/wpX+1joFjydR18Xbp8JYM9PmJP9/ELTiDOJes3CKVQYgOtkDTdXPM1nnqVIuXZ2mGlBQWYoFpkyhk2GpUT027lAMg5KJ5HRRFZigUSgVlAKUpilKAFKUxSlApQRKBRClKmKCAJSmSqhSlTlIVBFdT9KpV1L0Ip1AoiEARUUQEIoIoIooogKiiKAIqKIAgUUEECKARQFQIIhAUUEUEQTIKCBKPW5MEG3Lu61j2l6ApWiXgzYbJyFGi66ZdMxi4sYpUxzcteFosLm5dPDbcdBCx8Uu6gOpXTw4itU9/1KmDWXUU12FriNYWVwutuI1d3WJ5k6EJWSE8tVkrhxxA1sx2ncLWXDkszz7d39IHzSJVQa84qoAXy1jRY9yr32rdoCGEM42udbx8gmaM+La06GoAe0rn5fjr4vrucKfnzuOo/UkqoHMc3O6HBzGGxD+Q19xUYLBMely7Wn0NURdZoCgWmTMEkK9wgKYdk3KlUwgrkKJYUQUlAolKsiJUyUoAUpTFKgUoFMUpRClBEoIAhuigVQCkOqcpHaqAK6l6FSr6XpRTIhRQIJCKkKICooogiiKiCBFBFBFFFEClwCGYLBxPDYiu6m6hUy5TcfqsjaXEaLSXYhsdRKuk27WYI5guH42O2qNP/wAERVx/+4z3tV4027YIRBXEFbH/AO7T/wC1EVcd/u0v+0qcTbtyiCuIKuO/3aX/AGlHxMd/vUf+0pxNu3I5oSFxs+O/36P/AGlQvxv+/R/7SnE27Mjmgx7BMuAM81x8+M/3qJ9xVNbC4+o3O0scZ2MSrjNUrv5m/iHxUF1yMBh6xaXYhuXkCbrpYemKcxurcviSM2P82LoN3/5XVwt3PPOPouTiyDxSiPwhv/8AS6+E9Lj1A+AC14zP4orm57rOdUMRWeHHyb/iCz+O/wDB80sZ2teBmHZUNY11Z5I5BA13F3oOnNLSqeao428w+gSQPgGjPiHdT9SP0SUqmSuKkTlJPv2TYGpNKoQwkOcZdoBc/unr5RhaAGpJJMc4XLydu3j6dLhwy8Lqu/EUW6BHC+XhA6u/VRuoTHoy7O/UdAnAsgR5ynYMzgFplqpjLTWZ5zPWmqctILPRbmeqH8NRX5VEHMKVMUCsBUCmKUoAUqbZKUQClKYpSgUoIlAoAgUUCqAUjkyDkUqupelUq6l6feoHRCCIQFRRRAUUEUEUUUQFRSEUAURUQIQqa7A5rWndwHzWhUYowxpifMLKwNSwdavUrjD1GtpB+UD+wnPBsQdajVq4LehWdzqn6BdJW27ZcL/Ba/42ojg1bd/wA/ddxRTY4f8Ag1X8f/1H7qf4PU/3P/r/AMruIEJtXCdwl4Hrk/0/8qirw/EUm5nNbHcLvvssFVxc7M4yVNjhwczmlsQYXTw7fYNXPMGrUPVdSgIoM7K0AhFihUaoMFW/F2+7TtK7OGtSefzu+q5FNufjJ6X/APqV1KdVrKTAQ4l5tA6rrh0mbHWoVT/01nNGqP8ApuK69R06ql0LPJnTkvp1bnIWjsqaTfU63qK6lf7N0LmZS3CVH8gT9VrG7Sjgc38o3kRJ7oySW5iTFh0CbDN8PAN7JGXqCFx8n6ejx/l3GjJwzDjmZ+pRpCXhPiW5aeHZyb+yFAedanTN7FxhxVuHGap7lSbuK14NupWogYo7JsK2xKrxBmorqfkoTuQgBqCSokhRBjKUpilKwAUpTFKUASlMlKAFKUxSlApQKJQKICBRKUqgIFFQ6KKRW0vSe6qVtHQoLEQooEBCKARQRFQIoIpCgRQRFQKIAooogBWfGfZt/qC0FZsb9mz+r9CqOjwX/SP/AP2H9F0VzuDiMFPNxK3ypWTSiBIKWVbS9JRYUdimDR1TAJgFdKor0x4TnXsFyKhXaxdsLUPRcOqdVKOTTuXHquvTEUWf0hcmm0Bpjmuw0RTaOgVoRyDEXKNURkwQJ4rWcNpn5Lr4ZsYdnZczhgnGYp3Q/ULrUxFFvZdcPymfaqoFS4K95kqp265sslceycufW/8Axbo3b+i6GKOXDPPQrn4gEYBo7D5hbxKtcMuCYOd0MCzxMZTYdMwVmJb4eHos6BThj6bMfTdUe1ovcm2i5Ze8q74+sXYxxiqwcmpaDtT0WbiuKAxDRSc1znFrbFW4c+yc48ltgzb3W/CD2ZPdcvx6TdXt+K6mEe1+FLmGRESrBmqmahWmqQxjWkwB+izDzVu7k3EHEU5uDaIE3lBbnZ+JvxUXIqVzTqPZlacpI0UVXTSlKZKVzQpQKJSkoIlKMoIAUpTFKUCnVAonVAqhSgUSgVAFCoggVW0dCqiraO6C1RRRAyiiiAooIoCFFAigiKCKAFBEoIAs2NFqY6rSs2L1p9yrB0+Ff6Bnd31K2LFwz/Q0/f8AVbAVENKuo/ZnuqAVfQ+yPdA4TAJQrAtKox5jBv8Ad9Vwap8jj0Xc4mYwZ7hcCs72Z7KXtGJglvvXYIXKoiXMHMhdVyVVTkG6Jn6JQYE8lBn4XPiYh40gz8/2XX9NNo6LkcGEUq9jEC/x/ddOo6q1xGRuXYzf4Lrj+Wc/0V2qrJSve+TsqHuf+IrmyrxxjBv6tKx4w+yYzm8BW47McPlk3LR8SsVYPLqTS916k/Irpj0lb+IGHsHIBW8JwtPFVi6q1rhT1HOf/CxV84c0VHEuA1K6/ACC2oAORJ/vsuO/b06/xU42mz/EAWABrHCwtpC2UW5sM49VmeM2Jqu/MfqtlN7WYXLIzOBj4rbm53hE6K/CvrYd1iSw6tJsVc2ha7wrBhxHquqLcMM1Rp6yrsSzMHgMD7ek79EMGyHNnZv6K+PO7urIOYMHWcA4wCbw6J96i6ai1o5VyUA3M6EUWfaBcghZ1S5L6rDxzEVsNRpuo1CyXEGN1wncRxbtcRU+K3Mds7eqLYGqRcXguJrVcY5tSq9wLDYmV2dlnKaWXYFAolArKlKUpilKoBQKJQKgCiihQAqyiNVWraW6CxRSFAgKiiKCBGFAEUECKiKAKIhQoG8F5EgfNDwan4U2NZWq4BzMK4trQIIMH4rDw/D8Tp4pjsQ9zqX3gXg7LpxjO2lzS0w4QsuK9VP3rfioztjSFgxfrp9JKz1VdHhxjBU+y1grHgLYOl/StQKwpwVqofY+9YwVso/YN96ocJwkCsatIx8XMYVo/MvP1z7MrvcaPsKY/MuBX9Cl7FeGE1KfcLquC5uEHtqfddMpVUuVVYxQqHk0/RXPVOI/01T+kqELwcf5Kody8N+h/VdSt6Vz+FCMHT/NUJPwH7LfX0C7T8sZdsbhqqXjVXuKpqGxXNGXF+imOdQfuslUZsVQaPzH6futeK9VAfnP0VDGzxGiOTCf7+C3iiYv7Zy7vCabKbHFkQWMMjnF1wcUZquK7XBbYKqfzH6LhO3py6Vi7ieZlOweZKwWRq58O9stkESCukc2hour2NWFuJj7o+P/AArqWMDntblgkxqtRHQw/qd2/VEb90cOPK4oN0WoIoioqjkFRphwJ5qFKVxaVYmnQxAy1m52gyBBVIwuEb6cM34BaSEpCvKpojGsYfJSa3tZE6IlAqb2AlKZAopCgUxSlApQKJQKAKKIqBVbR3Vaso6lBaoioggRhAJkECKgRQRRRRBEVFEEzOH3ihmd+IoqQrsI6SbmVkxvqZ2K2wsWP9TexQdDB2wtL+kLQCs+Gth6f9I+iuBWRa1baX2DVgaVvp/Ys7KwO1WNVbVaxaRzeNmG0h1JXCreldfjhipTG9z8guPVPlU+qswY/wAxT966LgsWCb/mB0aVvcgoes2NP+UqdlpesuPMYR/WPqpSdtHC2xhqQ7n5lasQY+Cp4YIoUp5H+/mrMUbrt/qxl2yOLhsCqXvO4hXOKpqfquaM2JqDxaNx94quhUaMcXEttTG/dNXAdimAgECm437hLhqNN+KrlzQWsaI7wtzpPpKx9oe67vDfLwqo7nK4Thmqjuu/hG5eEDqT9VwxerPojBYLo42g11JoIBg7rHQbNRg/MFtxLyXgA6Bdo5VjGEp/gHuTNwrGODg0yDrK10Gmo6J6q3FgMIa0QFdIlG1BxShOy2F7/ulCokKJlFUcZKUxSrg0UoFMlKAFIU5SlAqhRQKoUpSmKUoFKVMUqAhRQKIArKOpVato6lQWqIqIIigEyCBFAJkEUUUQRRFRFBRMpCoELBxAe0b/AErogLBxEe0b/SrBto2osH5R9FcCqKdmNHQK1pssC1pXQZ9kzsuY0rUzEvDQ2GkC1wrEawFaxZG4l34W/P8AdN/NFomGrQw8dP8AmKY5Mn5ri1bgdwr+IVBiOJOqCkWECCZsTz+YVJbmI6FT6jZgB7Y9Gra5ZsA3zvPQBanhUZn6rFxL/Tgc3BbqiwcTPkpj8yzWse3TwIAo0ySLMH0S4kjMbhWYdgylhEgMDSFkxDBTcWskNFoXa9OV7Vk31VTzcIF0G6QuEi4XMVvvinztTaPiSjgbnGP/ADAfAKrxGnEVDmH3Rr0V/B3Nc6o2WkvqkxO0nZayusbTHtTSE1j0kr0NNuXhlIQROx7lcw4eOIVGMbFswHzXYqCMHhxpLQfkuPju5t6M+iYZvtW/FX1PWUuGE1h2KNT1nuu8cqvwTZcShjDNT3qzACxPVU4ozVVRabYdo7JRqrHiKbQkGqqiopCiI4xSlMUq4tAlKYoKBSlKcpCgCBRUKoQpSnckKBSlRKCCIoKICBJhWUYLvKZEKmYWQOfQryKrms1gxF9U0OuLuAWerxHB0a1SlUc8Op+q3981Zh63iMa8COhSVcDhK1R9SpQDnP8AUcxE/wBwtY6+pd/DYfG4TE1hSpPcXkZoIiyvhUUMFhcPXFajSLXgR6ibLQmWvhN/UhFRFZaRRFRAEVFEEhFRGEECwcRkVLfgXQCw4/7Q/wBIHzVGhugCsGiqBurQbLAcJ2lVgogqi4OSudZLKhQc/En2x7KkaDurMQfbOVbdG/1JO0dLAD7Q9lofoqMD6H91e9aRmfqudxHzVaLOZXRdqsGKGbH4dv5h9VK1j27NECXxpKx4r1O7lbcPelm5mVz8QfN8V1y6cmYi5VTwA6yudoqXeo9lgZmNGd7i2Rm1HYKzBNb/ACpex0OEulpghCifI8/mcrcO0N4Y1xAzFuqZ/mteObyi7AOqVK2ZxzOADAT2XexvlNJukNXG4TTzutqXfou3j/8AUgcgueEdvImEEucfy/qqg9rnGCCZNlowbZDz/e65+Jw3tXOaYXZydfBD2YPUlZ6vmrR2Wfh+MfhyaWIksPpdyWht8UP6lUaK+oCrCet6h2SBAYURlRUcUoJilK4tlKBRQKiAUpTJSqAgVCgUAKrKcpCgUoIlBACooggMJ6bA4wQCOqQK6j6lBaBCZRRVRCKCKIIRCACKKKigRQBRREIIioigIWDG3ru7NC3rl8SnLiCNQ0R3hWDW1ruRVomNF5DDPxheQ/EVwI2eT+quZXxzdMZiAP63futfxs8nqgjK8v8AzfEQW5cVXceWclVv4lxNrif5h4vvH6pwOT1spgV43/GeJA/6gn/4t/ZasPxbHupF5qh2XUZQnCnJ1cQZqO7pWfc7n9FhqY2pUqOcyzCZAI2WvDvL6dInU5v0WZFdfBfYk83K1+irwdsM3qSfmnebIM51WKrfilHoJW06rEPNxdo5N/RT+ln126LctELlYjVdizcPPQlcDEYlod6XfFdsnFCbKo6uSfzbDs5IcSwzAdPULGqbKw5cE935Xu+ZK2NbHDWA8gsBcRw/LzpgLoVCP5No2gBTyfl08X6auHE4Xwn1w4Us8k5DYRzhdPGVGvxLiw5hAII3WPh7K+JbhcPiSRReCY/EB7ktem442pQoPfTpUzAhxtA2SLe2+lVcxkFpAdc808U6mluyqkgNBOwCdgjRaiBVoQ21wnwzYqMUL7J8MPa9gqi2ofOeiAUf63d0Boqoyogog46BRQK4tFQKKBUQCkTFKVQCgUUpQApCmKUoFKCKCAFBEoICFdR9XuVA1V9D1KC9RRRUFEIBMEBCIQCiKZGEAVJVBhQKKKAqKKBUFczHxNfNoSPoumFy8fBZXJ5pBz6D20XlzBBNr3Tmrm2CzAppV3WVpdLg69lTUotfMkpkU3RmOCYT6nItwxpBxZUIkQRzWhB2hTlTRQBA2XQwtmU+x+pXPlb8MfIzoz9SkV28NbDM7IvNkKP2LOwUebKIr3WPDieMPP4R+i2BY8GM/EsQeTSPmAk7jU6rt1DGDM65P0Xm67ZeV6PGSMK89F5ysfOV2rioNKdrqpzcrXHeCtIKqq3pO7FQGoIoNaPxNHzC21/9IP6v0WV9EF1FgkZqgGq1YtoYynTbMSdTO65eTqOvi7rvcOZmrYWf+nSJ/v4rOyHYms7m8n5rZw7KKzy2CGUmiViwnpLjqbrSN76IqYAT6gZB5XKwirUoGKgzN5hdUwMM1vMD6LPUpAi2i0KWVqdQeV3uWrCi7j2CwuwzWva4eUgzC3Yb0OPVEAnzHuiEAiqDKiSVEHKSlFArg2UpSiUCiAlKKBVAKUolAoFKUpilKAJSmQKBSgiUpQRX4cy73LLVq06FPxKzwxnM79lw8XxitWfloZqVMTofMe6sxtTenrUZXhxxDFjTFVh2eU7OK45mmKqHuZ+q3/HU5PbBFeMHGuIN/wDcu97R+ysHHuIgfbg92D9k4VeT2ARXkW/xDjx96me7FaP4jxgHook88p/dThTb1KMrzA/iTEgXpUvgU7P4krkgGhT+JThTcelRC4TeO1TE4dvxKP8A6hLXQcMD/wDOP0TjV3HcRXJZxxrgCcM4TydP6Jm8coESaVTSbQpxpuOqFyOIXo1D+c/qiP4hwc3p1h7h+6pxVRuIwbqrCcpcSJTVg54TKsJ91EOEw7IU25iR0lXCmd2uCCqFTiCBTM6EgfNbPD7/AAWfGUopEwTF9FYEYAGDLoulREMH9AXHw1QgeGfcuzRENsPuj6IOxS+xZ2CV5TUwfCb2CDgoA0eULmYTEsoYvEZ58xOnddZjfKF5nEl1PFvd+Yp17ax9zT12Mr03YFzm3BAg+9ecquBe7urKGLd/KupEyx0ETsVncZJXXe3KzQGo0CyV5mmBzIHzCYRyBSubNRl9Xi3vn9ERrAnE4cfnJ+RVuLcBiKU2E/qphGZ+JYcbNY930VhayrxKmx+gvfQrnnOnXx+pa7eBqNcMc9vpAgH3LNhB7JWU6rKFDE0GCzhJOzSeaGEDHs8tVpc22UFaRqrky0cgjRJe7LvqhiPtPcnwbfaOPRaRMVTawQN4Rw4igT1KmOPmHdFgy4Udv1QV6IgoBFAIUQlRBykCmKUrg2UpSmKUohSgUxSlUKUCiUCgUoFNCVApQKKB0JJAAuSdAgTVY8dxClghltUrfgBsO6ycQ4yGzSwZ6Gr+37rikl0knX5rpjh9rNq6via2Lql9V8n5BVBxafZkzzCjWl1hotFFgaba8103pGc5zrmQhy6EqKcjTBEf+FF0NbRKOVumUe8JyXTngdAiey35GH7g+CPhMi7W/BTkac/3J6IOcRC2ClSj0hM2mxpkASnI0enUfmHs6fwP7rNUcXVicoHZap1ukFNpvv3V5GljC/wmtyzuDP8Awq5c2kQWTA1lXNqZW5QFC7MwtIEFTkmnNcTNpC6dHFA4FlDKZvdZzhmu+8R7kKcjKBsSlsqxeAnGqUap29lzVpwdnu/pW7MS64usWDHnceTStv3llVrDa4+SXHNpnBVfKJy2snplHGH/ACVW33SqPKOBBkWI0XXoYpjsO8uLWuiIJvouS5RwkOhbRP8AE8cDbE1fimbxfHj/AN0891m8GoD6XJhTqfhd71v0y91gC6pgcO95l7qbSTzJCw8YwVjWaBH3v3XSwbMmFot5U2j5K6rSbVpOY4SCFzsal08fTOWabjAO/Io0TUa806ouN1bjcM6hWcw6t0PMI0T41PL/ANVunUKY3V01njubhgi1s1qXRxPyKjSnpfbN6AldHBrwgP8APkh0ZKQB95/4VNUNdj2tfJHTVaMEJq4h3Ro+E/uswObiXafouXk7j0eGbldxtMU/4eqBoh1RwE7m4S8Ow7KVSnDfNNzzWio2OD0Wnd0/VHCt9o33n5LWPTN9VZWPtCrsEJc73Kipd7u604AeUnqtsKsWZqx3VjzFEAcgqa5msrq4hoHVFUzdRKEw0KBDMqIyog5qUpkrlxbKUCmSlRClKUyUqgFKUxQKBSlKbssPEOJ0cAC0RUr7N2b3STaL8RXpYWl4td+Vuw3PZeb4jxSrjDkb7OiNGA691mxOJrYqsalVxe4/JVxBsQTzXbHDXbNoRz15JmtLyiynNyrQI0C1aaRogQE7NQlTtF9FlT7ohLZEQFFEIgoAwFN9UDAlGeqWeyI1UDTsihKiAnkiDbZKJITDRBCZCII5JZ226KIHjuq6ZGcC6ZJR+0+KDSNUzQcyUc0zVkasKYLuy2j1LFhdHn8q2SCVlV7DIQxhJwVWw9JQZqhjDGDqdlR5t7ZUDbDumI20KjbECF0iLtlA0uRA5K2g32zBsSEiPYNbAA6K0BCLBMERzOMYLx6PiMHnZfuOS89BpOa5h3kFe0IkLznFMH4FYuaIpvMjoVjKOmGXxirZnhuIpbGHtV1Eg1uoaf0Wek80at/SbOCtfSc2uypSMsJgnotYZfKz5MfsdLBCKVdx0L490BZcGM3EXnkD9Vswhd/KVJ/EQs/ChmxNU8yAufk7dfD+XoccMuDw7FMIPN7keKG+Hb0lHD6OPRdY40rjc91swgijPcrEVuo2w47LVRlIzYgDqArq5kgKqnfEz+YlWVvtPcgqAQcICsFgq3aopYCiZRRHLKUooFcXQClKJSlRAKBRKUqgFKRYuJAaLknQJMTiKOEpeJiH5W7Dd3Zeb4jxarjZYPZ0tmA/VXHG1LdNnEuOAA0sEY2NXf3LgkueSSZ6lQCbmwUudNOS7ySM72mggJ6dPdydjIgkXTxZS00H0RF5hRQTooo9UwMFJ0ThQMJCMyUBOqgIk3RRtKIPQIZet1LgICAJ0RgShpN002CA5RKVwE2lMDBHVQ8xdQSG2iURpql1TaNM6oCA23mKhHJ3ySSiXaaoHDeqWiw+JqNEc3RGgIqdIQX5YCZjTqoLhMBCwL8ODDzG2y1TJ0JhZqJhjirSTYorQ0iND8EmMeP5R41kQgxxnVDGvjDOHNBxSBvYjZGm2X3RcNL35KUxcdF0Rb6SFfhW/wCZpREFw+qqLJhb+DGl/iFJldgLXGBfQ7FEeohSEYgxyURkQs+Mw7cRScxwlaAiRKK8fiaLmuLXDzN+YQw9QsIY/wBJ0ld3iuDzAVmDzNuRzC4eJAJDgAAbkDYzoudmvbvjeUb6FQspupHzN9QJ1HNHgYmqTzeFlw9bPSeHHzNaR3WrgjwHtaGkuNX9lm3lWsZxxdzibpxbG7NZ+qso2ovPZUY4zxB3QBXt/wBOep/Zd486smFvbbDjsFgIXQq+WjCtSMuGvV+KaqZqlDBjz9AEHnznuhDbKtzbqxI7UIFgqJ1EVxylJRKUrg2BQUJQMNaXPIa0ak6BQTXRc/iPFaOBBYyKtf8ADs3usHE+Okg0cES1uhqbntyXBJLncyV0xw/tm1bicTVxVU1Kzy5x57KrLBl2vJEQ2+pUa0ucurKRmPNXNaGDS6LWZW21TASFm1QglQdbonSUYgd0AIUuEdFA0zKgABOoTAFxsETNk2gOqKABHOyMdLc0QYHRTP1KBCRIgGSmMaCVLT0UMEoCRl7KDWdByCkAaKSAOaCEgmxTaDVIwNMyiQCoGzc0sEGxgdUx0GvNAZRoYVBk6qCXN0QeSTY6oBvVAwMgyE9EEEb2StltoCsoghx7IL8pEJmme6UyFdTb5ZymFgWU7U3c1YTeItsq2CQbEdgnaHRYE+5RVrctrqvGs8TDEDUXVgMtMtNuipxFQZCANdZVHPLRIAAnVM0jMPKQ7mnMOdpECFGMgw2HLaHbYIuOXLUYSC0gprBhkTZVEjPl2NirEe1o1hicPSrj77b9DunXJ/hzEeJhqmGd6mHMP1XWRECcJAmCIjmgi683xPC/y1cmPZv+S9Ms2NwrcVQdTdrseRUsaxuq8mQWPsYn6LqcEkAPLM2WpYafNc6rTeyo6lUs9hXZ/h9gcKTCPU4knt/4XPWq779NtZ3iY6o7qtQtQA6rGL4qofzFazaiz++a6xwK0TUaOZC24kxSPvWSheuzutGLMUh2VSFwlmvPZVH9VbhxFEnqVWEDBKRJTJTqqJCiKig4hKUowXGAudxHi9LBzToxUr/Jq4SbdGrFYmjg6Weu6LSGDVy8txLilbHuhxyUhowae/ms+IxFXEVTUqvL3ncqrJ951h9V1xx0xaUAuPJu5KJI0GnPmjctgfBWMo5rkQOS3tCMp5yFe2mGiBojlAMDRNvEys7UgCEAGCmIUNxPzUVDGWEDsExaIMGUobfmgNiCoNYUdy2RERyQH9UC7QbIGc2sozbRAQ6FC6bQjmB9yBsbKCAm1rpoGUHfdKQYtqEMxNkDzcGyhm/RIXQI3TMknoggjSJUJIMwiJKhgT3gII/0jcpI9yezjqhE7hUQkjRM3a9kmWwv3TZRteyBosDtzVuHEPifeq2loaR8k+Gu4t+ClGwiddVY0HIBIhKwgjzW5qwD0iVhTMEHLOu6smACBHvSNNpAiOadsinB1CsB8V1jNuirrVM7XAmJQgjvySud5SMsqiljbDMTdFhGbf3qBzoNpA0B2Ro+o5wSCNdwqiwnr8lTUEvkAH3K50ix23KrEuJ0B+qC/h+LOE4lSrGcjvV2NivXOEOI2XjIJpX+4ZnobH9F6jhmJ/muH03k+en7N/cafJaZakwSohEOETdKCmCK5HGsFnZ/M02+dnqjcK7+HgGtpktJOVxB2C6JAIhYsPXpUqrwHtphs04P1tpopZ7amXrSugczi7mZW59m0x0VQw3hU2iZJvPRPiarQG5ZMb7KoagPbj3q3HGwHZJhIdUBHJNjbuHdX6yNP/TT0SDZP6cM0cwkFiii/ZImdcJQEDqKSFEHg+J8bc+aOEllPQv3d+y4ZJLuZKeCTACMeGZ35qSaWky5D5hJ5FCZknVQDMeaup0oublUClTjzOA96sNzyRCmsrKhlmVBa4Rkl1kOm6CGChpvCIEbaJHAuKCAE3Ca4toiCQ02hDbW6CaiTuhyUcAdzCjX7ASgYAxOiEyiHW1uliHAIHa4MGgPdEGZJIlEDSbApAJQEmNAVARrv1TA/lmEHmAZAlArnAzGqZhDWxb3pKbQUxAsEBvmtzUJmRYoDS3wRADtdVArWgbwUctiZsna2AZKV0AlpI1uqI0yNbboNB1B10Qc0xDYH6pqbiBGXsgYAGSbFXYNkk7Dmqg0uEjur6Ac42uJ56KDQwEXN+krTAyAxosozZoIMStTHENBWVEQ4BosSo6Qc7T8EAMxnSCo2BG/NIH8SREX2gJHuHKFY1wMNEjuhUbIdLbdOaozuEEFnvHNI2/Qi0pg+PUJjfdGmA6fKBJ33VAc50HNskZobW2PJWVBklqFIgXFyRogjHnOA67XCD2XV/h3EeHiqmGdpWFv6h/ZXJfGTrqmo4h2HxNKu3UEGOoWozXsUQoXNeG1GGWPAcD0KgRkwTjRVhOFQVzeKYIFj8VSLhUb5iBo4LpBV4n/AE70Vio4p9TD0nv9GWA5bGhrm5D7lw+G1G06NWjUeAAcsESSZOnwXbwzKbsL4jHucR5fMFFHCu8DE5XWa608lZizNUJXtFWn1CrY4vgHayRK1VRFNo7BV7qysbtVRmQrASgESgFRFEVEHzAwBA/8quHPPNXhuabXVoY1ogD3rO10zsaGHqnmdArHCGpQLR8VFICRdFgOYlwUJ81lC4woBMvJ0UHqKEiCTrso0x1lUQzE81JBNkzjBjdJBcTsAgDjIRYARBt+qJaABmMFMWkiIsOSCp9ypGaES0gaFAAwSLQiC4Ft9EdpB7oZS4OM/FDJpdFWESCRcDmoB5c03TNbDHDMI2SgxLdTzQTaZulMEmDKLYykI5YIjUD3IA1pGhuoTDv3Uk9gi4gX31QMRAMAc1XJJ6pyYp3VMGZQWNeQSpmkSdUGuA1MFQuG1uiAnUAynaQYMGUuYSCBBVjW5qRcImUDWIsr8MGtE7pB52iWjqFcyC0PDdFmtHpvyuBdMLXma5ttVmbBLRlN7hXAhpJIuFkPnLd7I5DTM27Ktph5dqFYWhzJHPVajNQ1WtaTEO1QqVC+ifNPRVgtJdmEfolfTe6m45jAvKorMggH4BEDZrQN9dUj3PENdYKwZsxbtGpQDM4HTe8lEOaCRBttKR5IdEkwjcAHmimdlyaFVtDXUXiTmbcKy5AB0VUZal5ykw5aiV6jgWJGJ4U1k+egcp7bf30W8Lzf8OVv5biTsPUNqoLek7f31XpCIcQjJkwQCYIgjRYn52sY2oX5s0OLvSVuCz44B1NoP4pRXAxtDLiKzabw42IIV2Bx9XDZ6FQb3H6hSvT8PGOIFns+YldOhhKLn08TVp5nNBkDcbIq6lUBAeDYpqTQKgA0LlnpPH83VaxpbTJloPzWvDgZ2+8qpT1j5wOiXZNV+1PRA6KhSoECiEQyiCiK+duZktogWlu9imdcyZlKbwCbclhormk9BzSixidFa6Pu3VZl3YKKV1zyJ1UyZWknXkjO4seiQPuZuiFLTaQSmHlabe9QAD1So4ggdduSBRBMqyNgJI2VYEOkiyZu5mCgqcCXX1VjXZQbhFoizmz1TEAkN0G6orDogJswynYaqpoDn+bSFYQGGJ1GqBWugZdzcnopUl0FotzRyC8EkxdFpggH5oBMAA6oTlJJRa3MTeIumeASDsAgpaSZjVWSQ0TqTdKB5rER2ReTNoKB2jO4GDlSlwAJOk2CjHj9kMoLZn3IGgFoULItKQSBfREuuDogGUh19CoGw++hsmBk3RcAQHARCAHQiNLK6lE8rQQqaZ1J3N1Y1hDpBkc1FWE+Hdukq1lQ0zYWN1QB4gI06q0Og5DqFBspaATvA7J8hDnEGQBoq6Pmc0zoAVbmyPdBuTKBmNnTnurKRLQQ6QUzA3JA7hK6tleBOgViUmQl5kDoiKdUse1okakFW06tJ8DY/JbMA+l4xaQIgha0ztwqrjeW22CDXuDY1EWWnEhhcWzI1CoYSHGmbToVGoFN5aXBwlpF+yJ8hgAlp0SEkgPa7QRCLauYACyinbY6y0oVGmCZ7IAwROh1TE5Tl1BVRM7mVqVZtnAg+8L2oqNrU6ddnpqNBXiCczSDqDK9L/DuIFfAPoE+akZA6FaZdQJ0rU6CBZ8Xqwd1oWfFXe3sgzVMF/M5XA5XMn3jkteHOUNaRsmw4hjz0SIBXp5XZmq3DDz+5X1GNbRmLqrDepyCOM1Xd1DogBJJ3JUKoBUCG6YaIi5tKWg8wotDW+QdlFnY+ZO9N4+Cry20VjjZKTYhZdCWAMJY3TW5JHunaygR5BgBEUtDogyxlM506KhSzZCAGk6KHpug8DnbqgLXSplEkjmlbaE2bM6FUO7y04mTEm6qe6QRGt7Jn3kfElV2B5oC1pDZhQESPmnBh1zaEp9RG3PZAS5r/TA3Smc2txojIbci50Q1cfkgDnTYyYuUgeZjYhO94DSNyhTaHdOqAtOXYR1UnM0NaLlMcoiPqi2A5vJAgEGZ1OyIIuDYoubFt5siKcxqUAAcevREAF4B0i6drQAQdUjgWHUG0hArSGuINwne4EANuDaEA0ymNPI42kc0EyA2DYEawrB5WidJRaXANBbPUJ/BzxkkhQNSpRBdZovKLWtqVA4Xn5p20nDM4AxGhVdRrmOFspiVFWU8uZxFo1TV2+ZuQ21d1VFLM68QTvuryajXtlsjQghBKVVwqEAdoVge1xc17fMJgzqqqbMwJqWvA6J8hY7ykSJ13VhUptJnIYjrdWO8RoDs15uAFXnY5xJBaVYTLJDgZsqzpmNRwfB+CN3GHTIuFMRek3y+bQlI2q6IeARz3RQpl0ECSJtZOwNccwERqEKbnOlpOu5Vpplgl+qgUA5iDfdM5tmuGhQbDnAEgRuArC7ygASNCqKWkNqQ7ddDgWJGE4mwPMNf5D/fdYqgBbIgkc0CYc141/ZaiPdluV5CKowOIGL4fRrzLoh3cK9GUWbEXrgdFqCyVb4ghFX0R7Byrc0uy5dSQlAJOQnynZWYcRVDD90hBrxNqXxVOGs1xVuL+z9yrpCMOfeUFbT5VHIt0UKqFTNuQEiso3qtHVBtlRCFFnSvmj4aAksATqnqXMbJHCRAKy0SW5UpAnmBso8CRAsECc7jCKBDSNAD1SuOYxHwTZZ3+KBBDoEIAYkN2VZ1iFa+A2wVIHvVQxsAUCSANAmAlGPKQboFBgWHvKkOBgGSVKbspO7SoSGvEXkIC4mAdB80tyQeqZzfZh8kk2hRhApgkXlACZm1woDAkDaEabgXczulLvMWxEoK3gwXdYT0nQL6dUQASDO+iYRJBEdQgRwv2ThozN0jcpanqAMEDkmBlgHxQNLRYm5QD8rjf3JHgTaI5IwHMOgOsILKZzTmQe3M6Z0GiWnmLXXuEWyBaJCAsDgTb91YxvmIiRNil9JzF17900PytBOWLzOqgem0g+e23daAGsAtM7qlriSrC6IMaqVpc2XGNFVWcSQDeBqmY54jbYQkexz3gb9VlWjDNloJ02sne5oIDYjXRZKFR7QdRl2VjpeZbsbnkqLgaZDgYhwuVTUdD4iY2Rd52ZWnzTaE5NJzt5i43WsWamXxLztcCyLTS8N1NzjzmJlZi4A5mgz1KVz3+KXNmN1pka7ctw4lrhKRvmMgDmnrOFgdErgRJbYTqCgbKQ0wQR9E4e6G3DhFwg1plpbBPexTOYbEHuDsopmNDvMBcJstjEDolp3zAWREmOfJBKlMm43UYxzqREG15hO5pyDkbqqkS2pG3VWJXe/hbEXrYVx9QzN77rurxmCxBweNp1hox1+oXtXQSHNMtcJBCrIBZHXrvPWFrWP/AKjj1RTlpbDud1bOUtqtvGqaoAMKwnVLRI9J0KC7FODmAtMgwgLYb3Kg2dk2mVofai0c0FQ0UKYCyUrTJDqrcMPag8gSqlfhRL3HopVbALBRGFFlHy46oEzp8U7mHRI8QMu26y6kOnTdJcgkWCsALmiBYqECINgNUCOHlBCDTlERJN0HVCT5bDROBmf2GiIpiXGSlNt1eQJPRIWADeJ3VFRsJBKjiS9217qyoIbl5IM8rXO26oKgCW6aqBp9Wyd2ZosR3UY7y7QgNRzg0CNErDrJ6xCLnEkdErbZp0QSmI11RAgvIvtKVhh2kqzMCI2JugrzFgLdeqdt28hvKI81veUBLiYsgjwInNE6c01J0EmLQlcMxmNlY1wDYg9EFVUZnWsgLESma3zmbKOs7VBZTbeR3RrAF0gT1CraHAFzCbGUcxfUiIAQWhzagE2PNFrphlzltIVTGy2IuCrKTDmc5v3RJCixpqA06ohsgAfBWuhxBiW62SuJexr42UoyRDnQeSy0u9VMgNBI02Sio1xLi0SBdLQzNBa7bQpmsbL2ROaNkRKeVggGxM3GyYOmIlpPvCqBLaeQwRGoUp+0aLFFM2WOJF77p2uBe60h0iBt1SuDXMc7MQJ31TYUw5w9QMhajNZ3+V0TO3uQrDPdpvuArcS1pIiAOSpIIExK0yrNMnzC8apvM8wdSdOqtZTzXkhx0TVGZibefcG0IKyPDIgkHW4TvZBc473toUadTMwMqCSNyo90AMs5u17qKWkSHdY0VxkEXjkVHUgKbKlIdwdlZIqNnLcG4QLeANFW9lzzCva4OJaR2lI/WHDzRaFYip4loPOxXruCYj+Z4WwEy+ich7bLyoAdSe0WIvHJdT+GsSKOPNFxhtYR79laj0gWNl5PVbXjKXdFzME5zhVBvldrHf8AZB0ntzUWN6Ss7ZFtwr3uyVWjoq6rcjwdiilcAaodzC0VbNYFQB5x1sr613DsiFSlMlK0hIWnBizj1AWcrXhRFMdSSpUXyokJuosq+c4kZK1QaQ4hZjfQLXxIRjKw/Obe9ZAC5xUbGLC0RyVNUHQSGwne8l4A0CVxNR2UndRVJv2TBwDSQRJsndStrqkc0QQBpqVULmgT1TCSyJkapAM0N+QUAI8qBqpBFjrdJIIDfui56lM8y4NaJOiW7WxluUAqh2WYkJQ2ATsrG+kA6JHyX5ZloQCSQUCYEBWMHlJiwCq5zdBGknuVYwFsnpZUsdCtJlA1MxAi+qcHKxxiAUjIBzRMdU7hMAkxM32UELmtaBvyR9TNL6qrK4vuIITttvI0VFrmDJmJPcJfCEm5hQyaYGgiNVA7ygSopqbbO5bpWNyvvrKsF3Fx0Mgovp+YXEG0oLC3zu0A1jmkpuc1xzkCbGeSemc9Z7pAERBQqMOYOIgG8qK0AwwgRpdVXzNdN0zfKwkTylLlcWBw2N1FXvbBnQRuE7Hjyu0MRcqqo8vaMokDQqR5A0mSTATSLAIaLAQIJCVxyNaQICd1MjCkfe1Sk5/ZXEtsCFFDLNGHWkyDyQptNF7iRmaVoc3Nh9PTe9ktep4TWPEEkRB5LWLNUYkCo4+UgjnsgGg0wQ7zcirp8UB4ZcADWJTmg0N8QTGthstssewMmRpCLg4NjWdDO3JanUGyRcDWyjGTTNMj03jcIMgaSwOF4N+aY05aYbbUHorWDwHgkGZiNiFc5rmvJBAbBLZKCuiXsY1pOZj7dimc17XjpuEGF9PyPAAkG6uL5ptAiImw7qKrcA6HNPmFjKJGbWx2QIIOfWdQi4ZSHt0PNVCaVQ4AC3mCVpdQxIc3VhBBVpeCJjUQQq6t2tdvEFUe2NVuIwTcQzR7J+SzUGBrzH3yJ/v3rFwDEipwyrh3G9MgjsSujSHtB3RDV71J3gKyBUo9Qkq+spqDoOUp8Pqpotm+80o1XuawPmeaao3JU6FRo1adCgaQ4AjQoFVUXZXuouPmF1a4QYViFWzDiKbe0rGVupiGDsEqKyblRSFFGnhOLMI4jXA3K55HvXU455cfUg6gfRcwn/ystEZEaXKBYcwjVEtiCiPL5lFJMCTYgxCAtTfOp2UzNIHeSkeQXTqgRjofmiOieoW5QQLkpES2IO+qqCHGA773NK5vlEmLq6QA3SVS4kEmFFAGDETB2Ra3zeewOqQFzfNzTTLQHXkqoYkGQ2wNtVS4htiJIUe6CQEHEvOY6oI1onQXTuEiNlAfLoifRO6BQ4g2Tl5GUwgWSbCwChhwaXW59kFxdnAExadIR8EhomLjmplBaIJRaSx0O7KKVzMrL6lLcNI0jmrjoJ1HzRrsa251ItCBRNmyrQAKQcdQSpSc17Q11iArXwHeGYIkXPVQV0GjK4gG4VtElzSMpImyfMGlrRoBtyS5HU3Ex112UqwalmQILTzTM8sMFwUjoc2GzM2BVtNpIe5xggWugUUyKv5QYhQQ05d82ZXEZ3Z23ERyslrZC5og5p2KqLs7TTF9SAq/DAeMxMzIjVW0w0NccsWG6oIcKrnk3MwFFaHe0a8ZiGxEHZY8U1zssXDQLjYrRSqgAg6boU8RlquZUaC0um+i1ilYWOcyoC2ZtbqtlGo7wnMAnlBSVg19ZxZBuNBCY4ao37sFaZFj8oyzbb9kzSTkIILhYH6Skq0ctRsTzMhDM5rs+gJIuEF1SkHsBEAjY7Kl59jS2cwkK3MSZm7bIV6TfDkEw6/ZAa1LO3yDNAACppHK4TrPwVrCBTa6SHDUynaRVymMruYCKUgExz3UaSKZY8abJ67XAgu33GhRa0OdldroEFBmCNikaMzXMF9wrHNdmLXC6Rjgx457qo1cFe5uPa1pgOacwXqaAmoF5rg7I4oYuAwkdl6fDianYIhXmXu7qA5SDyU9RPdHZWItqtz0wQqQZg7hW0Tq06aKt4y1O6iq8W0jJiWa09eoVgcHtDhcESmbeWnQrLh3eHVfh3G7bt7JCtEXW/RpWJgl7e62O9B6q1FObqoqneo91FFeR483/OtP4qYK5jmnJMLrcfHtKDtJpwuS92URqVj40VzRm0HdK4ggu2ARtBMKt/mAaLAXJRVRvt3QFwNbaIuAb1ChuzmFUR7AGzm6Qky5t7DYpwMtLmQJStaXXjS5QKMwMzaUzgcondA+Q5iD0ChJyjkgkGINlWQWglWebVVVXkjKCY3VCRKcANJMQjSBJ6dVo8NoJ+AQUm4sVGtGYElOBJCLBFSIEqAAzScese5QgZS2ZJRdDXECY0sVbTY2RA+aiq6WcXvC0Mg2PKEtOmAz1aHdaMsUiQZ3QUNafIReLGUtSS4h7oGsBNVpCm8CTcSUA1zwQ65doZVRB5RvI1VjXOPmcJA5qwUczXRGaAiWmmwgjRRVzGNNNrokRzQJh17kBI3O1oZoN/gtADXaQToZ+amjbPRqBji6JAVtV/iU8xMQdkrKZbMtlpCj6T2xAs74Iol7qUXNtJSudnrB1OAJ05JsQC2GjQhJh5LnToCAiNVJ7HNIIkkXTO81Ilug1CQU5YS1ukoQ5rSwAidgioNQWixZ8wkdNVjnGzg4gDotVMCkxpixsbiyQNHiuYQ2MxKsZoPotIDmVJAi8bQpSqu9NTlF90rg6k5waBlJBvcp/Ea9sFosN9iqhz52AzJB15hJXpNfSbVBDWkQTtIV7mtygMMMdYjkeaVocKD2xLgTM6IKsO5lWkGVMrXNMSrK7WtZDhmboCLX5KgUTrLRJuBsnc54BpmHA+9UWgMbh2FjQTGp1IVQllT2ZJE7Dfknw7QWBjrZue6uNM02kAgz6hCiqYD2ZC6IEibQeSlE5qrJsdErgC0EagXPNWB7PDENv0VAxDZIdbOLOVdLCtxDzNUNIE6STeEajX+IHC4KVlcsqte7VvzHJWM1u4VTFDiLmZs0NLZHeV6ChbMei4uCqUMQ4VaDCx1OzgRsdP1XZpm8bFAGpoSNMOI5GFbsrELOVwKsrNzMB3VZ0V1I52Zd9EqxQDYHcKjGU8pbiWCS3boryMryNiiAHNLHaEKBsM4VHsc0y03Wp/oCwYH2Nd1Fx0ByrfV0CIyE3KiU6lRUea4+JpYVw5EfRcNwBMk913ePCcFhzvJXAcIaFznTd7Rz/uiClMZBNuagJGl0Ik3OioUFsnZSBlk2A5oFpPlB6ypUGZgkiyBg5vhxJudAkzBxIbYDZVg6QiLNJQF5zADQIRp1S3LdUdiNVQ1R0AgGQPqqD9UzrwNyUj7PgXgwERppZDEWOqjyTI6yqmmDr3TnW9gooQcwgwjTzTrABRDgZN78lZSDWscDYkyeiBckjMeauY4NMRIlL4jQcuUHqpmINrdtlGmh1QWiBKhBc0Xm8wAs5JcQRpp2WlginBLQTYklRFeJJfV90AjkhS9TZBgc1cz0uIu6YnlyQbSc57Wuv0CotJIAyxG6d7BBe4xPNRrD4eQiSDaVYRnaWEdLLLRQCZna+idgJaXlxEIMaWC8Ev8AkmqAeAY57KATkPQhWNc4uE7b6KsCaca2+CupABgdFydVBViy3OIaJhLh2NJymxMI1RJcTBPNPhWyyQ6Nld000Mp+USHW5FVuYHFwDo7q55ynXXRZ/FMNdaJmElLD06bTRcwxOyR7XeG4gt9XvCsc8Rnc2+ygYA94IOV19bBalZsKxtIU4sCRbuoWOcWk5Sd/MBdVB4c1zQyIO9yrA7PJyXm1rq7TTSQw0AyQTFwD1VBbWDrnMQJn9FWR5nZrS3bmq2wHsc2xEqotbLpfGV4MxOoRyANOUnMBm9ysfXc17dS07ymzZnZmK7NKw+ad4lome6d2JPhM1kiJTNIqANIvzIlVva+m0AgPbsQIsnoN4bDTJuQR8CkDBlyus7UFTMBUa0MAJF4JT+I0kB7SJNyCgqfIHQaFU1miQdiFqL2imWlpgmNZhVVTTI8PzNd2H7qo18EbGHxB6x8Au4TDQ4d1i4NgRUwTXtdq4k9T/YW+owtAbysn0R3qDxo5WtuFQy9IjdqtZ6UiUTqjTdleORsoUrgqHrtkZh3VYOjgr2HxKfX9VnjK8t2Ki01ZmZoqMFxdX+M2qzMLWuORVdM2LSqHP8GqaZ1egeFFYG2UVZeZ4yJwFI8nkLhPAyTyXoOKCeFuP4XgrzzzLbWWMenS9qZLSBvyTVRewKX707hRz5aZN4VAaYbI1KqdrMQOqLZMAaSnrCQ1rduqgqpjMTfRQny5RqVKYhruqBdDpQOxgg7wEGgNLpMgDVRplk6FVh14F+qoOWzjO0/NGmB63i5MoNcXE2lGZaZidJ5II5sASJ396D6jS0QD2TlxaQNo0lLAeQCMsDRA9FoGpkxNk4aH5nGfKq6XqiYndXNkC9xrfdSioEGSZO6vDWlriDIVJgCwVtKoGmMtiigyoQQIA2Tve4yNiZStAL7at5rQaf3m8vgoCwtaRAzHcwlu4guJJJ2TMDXRcSbElWgGkzKQRf8AuVFNSc3xyHEiNCgH1PEdNpgQjQpB1N532KLiS1tMwDFiSoBm8o5gndXZmw0m/OFVSANo1+qctiiZGltFFM1+R3fQpw4tAFgAdUKTS+naJ7otbnJ06SEFdUS8gibF0JKDoIa07wAOasaSK5JF2tgjmlw9EvqjLdrXa9EGhrzUZE+kCearY8BziPTlm3dKKdTKBM+aIV7mkNDucSglRrvDDgIIvKqFVzntDrjNEqylL3ESSqqoh7yGwM8jktRKtw9IDPTfZ8ke9OyichibdVWyoC8vMukyALLRTe81YbEGQTHSyIzvaaZIqRmiErqbrOaAQbSFdUINI58pqdUaAcGljxNOJ7KoUwQ0z5gdOaL2w5uR/URujWohw8suINzGquyeCxubzN2JVGQl7a0ixVtN2Yw8yNvihWPiOzMYQALlFrhUh7iMoEOCguq0g4BwEFomI1Wd+UhocIcE9SqRUIY7MBuNwkrhxLXASwGAYvdWBAS+ZMzsoGzBfdsRKs8IOY2pSm+x1lZ3DKRINzoqjo8LxVTC4ptJlQhlQ6bSu1WqSZGhuvLkxTD6erDMnUL0bHCrRa8aOAIRD0nQ+Oaup2kcisoNwd1qaZIcNHD5qh0rgiCo5VlKLofCNdn3h3VZsZGoWj10+e4UrUUg6OCpxVLPVovH4hPZWN8ri3bZF2re6IsgqIZlFUefxjc3DMQOQB+a8w47qKLni65dq3ad0jhZRRaQ1KzhOiWq+50jZRRQKA6DA3SOvU5AKKKhnzksg0BtNxOpUUQClDbEeZEXJLdeSiiAgZjIIgXQcDk66yoogNEQ4Ai0rU+zi43AFgoopVijeeaYC9zYqKINDGS8HmIutFAEUyHWkEdlFEFVUNaAWm4sQtkNfSALjIbCiiyoMApeJTNgRZO2k15LmmzeaiiUiqk7JWZOh+a0VQDmAFp0UUWb21D03QWhtgbqOqAVWnLpuoogAcGuLrTmzIBnh+IQ4ebQKKKCyW5i19gBII6oGkSCab/KRoooqiui8sBbs06k3Wl1EOk+nnPVRRaRnNPLScQLbK/CHI3M7f6KKIg1KlFxLYhwMjkpTqhwLcrbeUtGqiisD0HBlcA2DhvsmxBIptDosT71FEFDXeFWLNQ4fBR1MuJGSHMEQBqFFFUIyQXUzaVdVcxtDzXI1A1UUUApuDRmpXG4PPmg/LiGuacodqFFFUZDULLO216rt8Hq+JgzTmfDMDtsootJWsiCVfRM0yNxcKKKCwFMootIRwT0HQSD3UUSkCu3K6UpOZk+9RRSLQzhRRRVH//Z\", \"data:image/jpeg;base64,/9j/4AAQSkZJRgABAQEAyADIAAD/2wBDAA4KCw0LCQ4NDA0QDw4RFiQXFhQUFiwgIRokNC43NjMuMjI6QVNGOj1OPjIySGJJTlZYXV5dOEVmbWVabFNbXVn/2wBDAQ8QEBYTFioXFypZOzI7WVlZWVlZWVlZWVlZWVlZWVlZWVlZWVlZWVlZWVlZWVlZWVlZWVlZWVlZWVlZWVlZWVn/wAARCAJYAcIDASIAAhEBAxEB/8QAGwAAAwEBAQEBAAAAAAAAAAAAAAECAwQFBgf/xABDEAACAQIEAwQHBgYBAgYDAQAAAQIDEQQSITFBUWEFIjJxE0JygZGxwSMzNFJioQYUJILR8OFTcyU1Q2OiskSDkhb/xAAYAQEBAQEBAAAAAAAAAAAAAAAAAQIDBP/EACARAQEAAwEAAwEBAQEAAAAAAAABAhExAxIhQVEyE3H/2gAMAwEAAhEDEQA/APukAAcgEOEXwKADF0eT+JDpyjwOgAOUZ0OKe6IdLkyjICnCS4EkAAAAAAFAAAAAAAKwDABAAECAYAKwAAGFTxkGlTxEEUrBYACAAAKBiKKAYhgAwABhYAAY0JDABgMAAACGMEADAAKGMQwGikSUADAaAVgGAHm0+2Iv72m11idlPHYep4aiT5PQ+auK4XT65SutLMLnytPEVaX3c5R8mdlLtetBWqRjNc9mDT3rgebS7XoT0mpQfXVHbTr06i7k4y8mEaBcm4XAoTSe6Ic1FNtpJcWebiO3MPRqKEIyq62bjsgSPSdNcGS4SXAmhjKFdJ06sZdL6m9wMAN2k90iHTXBjQzAbhJdREAArhcAGICgAAAAACAEMQGNTxMgup4mQRSAAAAAAAaENFDGAcAGAAAwAAGhiQwGAAAxiABjEMBgCGADEMCkAhlDKRKGRDAAA+SuIBXK0AuK5LYFXBTcXdNp9DOU1FXbsjnq4pR0j+42PUp9p4ml/wCrmX6tTX//AELjeE6cXK26dj5l4ipKTeYSk27t3ZjLP+NzB7GJ7Rq4p9+bt+VbHOmnOPtL5nJCWxpCXfXmjltv46deIqU6FZRmpd7VWje3PY6sN2jWSX8vifSL8rea3+DCun/OYWVvzX+H/BvVw1Gqk504t33tqPlo1t6FHtycdMRRv1g/od1DtXCVtFVUHynofNfybivsq1SP6Zd5fuZyp4iG9KNWPODs/gzU9GbhH2ykmrp3XQbSe58TTxroSWWrUw75SvE9Kh23iYJekUKq57P9jczn6xcL+PoXTT20IdNrbU4aPbWGnpUzUn1V18TvpV6VZXpVIz9lmpZWbLEap6oRuS6cXtoVGYFOm1tqQ01vcBgK4EDEAAY1PEyC6niZDIpAAgAAAoaGhFIBgCABgAwEMLAA0MSGADEMBgAAMYhlAhghgCGAwgGJDAaAEMgAAAPj3mW6YnI3aJlFcUNtudzstTnrYpQ0Wr6jx0nRyuPrbdDy5TlJ3bu2S5LMdtZ15zd3Jmbld+ZIcjnt0kVHUpbExeqKRK1GkXoaRffRnHwjTMq9murV6Df5vodK+py4p97Dy5zj+51cPeTJMS4oVPw6jY1uYaROKldSSa5M5ngqPqJ02+MHY6W9QG9I4ZYevB2jUjUVtpqz+JGepRmnOnODXrR1t8D0PW/tCXjNTJNIw/bGJhbJXVRflnr/AMno0e347V6Mo9Yu55NShTm1nhF6GU8M45/RVJRstE+8bnoxcI+sodoYav8Ad1o35PRnTe611Ph5PJhKdWdnJ+K3ma4btOpRt6KvKK5PY6T0/rF8/wCPsXCL6Eum+Gp4dDt2orelhGa5xdmehR7XwtTxSdN/rRuZSs/Gx0tNboDSM4zjeElKL4p3BwTLply1PEzM6alFt3TMJRlHdNGVQAXEEMYhhQUtiUWigGAAAxDABiGgGAIAAYhgMBDAoEIZQxoQ0AxiGEMLAMBgIZAAAAfLMTNHEhojbze1V9lB9bHlI9ntOF8NfkzxramK3iEO2gWKS0M7dCS1KsCRXFkU47MpcOoocRx3RB6mLnlwVGo+dOXyO1PQ87Ha9iprhCPzR6EHeJMuJDehz4jEKjmS1lwRWJqOlBtK72OfDUPTSdSpdrrxMNMo0sRUfpFK19dXuPPiqS70G18T0JK2wrbDauKONSl3428jqhUjVtKOwp04yms0U/M5Ir+UxGRv7Ke3QDtlo17xLVvyCXij7xrWdv0kR5mMlbsuElwb/wDszy41up6WJgp9kqL2u/8A7HjvDteGbXmejFjTqjXa8La8jWOOnHe0jznGpHhfyJ9K1umi6Hu0O0srupSpy5pnq4bt2urLPCsuu58eqqYeltsxqzial6/QqPbdGdlWhKm+a1R3UsVQr/d1YSfK+p+aQx1aG07rrqdVPtVf+pD3ovysYuEfocqUJbqz5oylhmvDJPzPl8H2vWcHOlWnljup6/M9Sh27JxXpacZr80GX5Rn4WO+UJx3i0IdHtTC1fXyS5TVjoy06iurNc0aZ+3Oi0VKChoiQGHEm40AwAAGAAAxiABgAAMYhgMZJRQxoSGAxgAQxoQ0ADAAoAAA8eVGL4GUsOuDOtohog8rtDDv+TqbaI+dcT6/FxzYWqv0s+VkrSOeUdMKycQS0ZrJDoxzTSZh02xK4mtaKVSVraciWtSVZdiPEaVmhRXeKa1QV3V1n7DqLlTk/hc7aLvh4vojnoxz9lzjzjJGuGd8PS19RGcuJOjFK9F35r5ovD2VOK/SiMR9zJe8MK704PoY/G2svEHIUwltcA9ZGOKpRq03F720fU2fiQp62XQDjwtVv7KfjgzrS73usc1ksdPa7SZ1et72VK5MNhVjKCw8m0pTkrrzuZVv4cxFN3ozzLqjt7I/FW5TZ9CejCfThnlZfp8DW7PxlDx0W1zjqcjavaSaP0aUYy0kk/M+e7UwlOpiKqcUtrabaGviT0/r5epQg3tbyOepScFdN25M9eNFOThNWlHQxxWFtTunxM/L71XWydjzYRu9jop0uZVOnZmsY6i5JI9HsuPcqK3GP1OyWGpud1HK+a0Zz9mq0J+aO96P3HHK3bWnNKjONsk/dJBGtiKDuozi+cGby0DihMk0un21VbtOSk1wkrM7aXalKVs6cX8TzJwjOFpRTvzRzywsV93OUPJ3R0mbFwj6alXp1fu5qXkzVHkdi05KNV1JZpLS9j1UzrLtys00AlMoqGAhoBjEMoAAAGhiQwAokYFIaEhgMYhhDGhDQUwAAAAADz2iGjRksgxqRzQkuasfJzjaor23sfXs+VxUctaouUmYzbwZVUlPu6pGaunoNIa3Obr+Ju225FPW3kCWhVrRRFKPiQNDS7yGQejgXfBNdX8h4J3wlL2bEdnu9GpH9f0KwL/p49HJfuyZcWda19aU7b2Jwr+zj7yqn3b8icLpFLkYaay4A9hyJb3ICW8Ry2QpcBy0S8yjkt/X/ANq+p1escsnbHR6xX1OrimUqOy01jL8PSNH0LPn+zPxP/wC1n0B6fPjzevSPD7Q1xdXzXyR7bPC7RlbG1fNf/VG2I83Ew+1hNaPZ9THGq2H/ALjoq62fX6owxv4f+445dejDjgiryNYR1Ip+M3p+IjVd2AVoy8ztlv7jmwitT/uNMTOUacnHexzvVjGtOU55KfDdk3xFPhGfkb0qfo6dnu92VLRjYxhW9JeMouMlwZomZV1lUaq3i9fI0TTV1swlj0+yV9lVfOR3I4uyvws3znL5nYj048efLq0UQho2yoaZJQFAJDAYCGA0MQwGAIYDQxIaAYxDQDGiSkAwAAAAADhZLKYmQZSR812jHLjKq6n07Pnu1o2xs+qTMZ8bw686wloyhPc5Oo4sp+BW5k8SrdwKW0kW0SWyDs7O0VW3T6jwfga5Tl8yOz39pUjziv8Af3Lwjs6y5VWS8J1vPWnLyZnhneHvNXqrHLgZXp2/3Yw6OyRL4lyIfEIT2RUt0J+FFMDjqq2Jp87HVxRzYj7+mdS9UpWPZ11jf/2n0bPnuz9MZLpVPoWenz483p1LPA7U0xlV+XyR77PB7V/GT62+RrJjHrz6nq+ZljtMOvaRrUfeh5mXaH4de0ccuvTjxwU/H7jop+I56fjfkb03qGq9TCvuW6l4r7uXu+ZnhfB7zTEPu/A53qxchSs9UVLbQlq1yImUc1NXMqKtSSRu/DEyo/dxLEr1Oyfwj9pv4s7UcnZqtg4ezH5HWj1Y8ea9UMQ0aQykIaAYxIYAhiQwKQCGAxiGA0NCGgGNCKQAMQwGAAAAMAOFkspksgiR4fbcbYiEucT3WeN25HWlLzRnLjWPXjCa1HxA4uxSRSfdYnrYa4hS4GjM/VZo3sQb4F5a76wf0NqDtXxC/Wn+xz4Z2rxN6emKxHXK/wBiXix1M48FpKceTR2cfeceFdq1V9fqzMbdsiWhyegPZ+REJ+Aq14kN9x+409UDkxP3tLzOjaxzYr7ykdD8NyjPBNrtCa4ekR9GfOYP/wAwqf8Acj8kfRnp8+PP69Szwe1vxj9x7zPB7VX9Y/JGsmMevNn95AjHfcL2i6i+0gyMd9x/cccuvRjxw0/H7jaG/vMafiZtDxe8NV6eEfct1NMQrpeaIwi7nvNKy70faRyvVim9BPiN6WJk7RICbtCJnS0pxKqu1P3P5ErSmbjNex2d+Bp+S+R1IxwUVHB07cjdHqnHmvTAAKhlIkpANDEMBoBDAYxDAYySgGMSGAyiSgAaENAMYhgIAADiZLKEyCGeV22r0Kb5SPWZ5vbEb4O/5ZIl4uPXz3rAPiLY4O4fhQL6A9kNbhSRfqolDXhRBpR+/hbi38jqj+KqX/LH6nLSV60L8zeKtjNONP6ikdifH3nLRVsTVXX6nUtn5HNT0xU78TnG3XLYV+6hvwk8AE13Sr91EN9xl+qBz4rxQNXtYwxO8GdDRRlhv/Mqn/ch8kfRs+dw+naU/bh9D6Jnp83n9fwjwu1V/We5Hunidqr+r/tRuuePXmVfFF/7wMsc/wCnXtGtXxIxxv4f+44ZdenHjhh4mbQ8RjDxG1Pxe8NV6uE8K8y63jh7S+pOE8HvKreKPSf0ZyvVimTbQq2qBq0eoGdZfZ6cmJ/dPyLraU/cRb7O3QsSvoMOrYSl5fUtE0lbDUl+ko9c48t6aAAKhjQhoCkAkMBoYkMBjEMAKRKKQDGgQwGhgAANAADALDsAgGAHEyWUSyKlnH2jHNgavRXO1nPilfDVVbeLFI+Ve4nsxvQDzu6dojjug4AuAUFR8JPrMqOxBdH7+n7SR0zVsdC2l6b+aOSLyzT5O511ZXxdDqpIDq/wcy0xVT/eB0Lb3HJr/Pvk0YdHa/D7hLZj3iJbEEv7uTKWkRLWDBPue4DDEr7vzN94xf8AuxhiH3aXSX0NvUXuKlZUnbHzf6oH0Z81T/Gy/tPpT0+bz+v4GeJ2tpiv7Ue2zxO1/wAQvZXzN1zx68yr4o+Zjjn9gvaNau8TDHfcr2jhn/p6sOOOHiZtS8ZjDxM1peILXrYTZeZpV1mRhNUveVUdqq839DnerFta/uS9SnuS+BBNbSDF6qHW8LuC0UfMsSvfp/cU/ZRSHa1OmuUI/IEeuPLehDACoBiKQDAEADQxIaAYwABoaEikA0UiUUgGMQwGADQAMBgIBgBwEsolkUmZzWaMlzRoyXuB8hNWkxcDXFRy4ipHlJox4I4V2gXhYkxrZ+RPAiqfiZUd2Q/EUt2RRxO7EaV8PL9Vv2ZwN6ndiP8A8dv8yf7AdK2RzS0xi8jojwOef4tS/Svqc3SOqPhQk7DWyJ5e4BxdoPyHHWBK0Uhx8IGWIXg5KT+TNLtU9N0ZVtaa9pGq8PwKOaEl/OStyT/dn07PmFpi5r9C+p9PdPVWaPR5vN7fhM8Ttj8TH2Ue2zw+2fxEfZXzOlc8evMqvWPmY477le0XU1lB9SMd9yvbOOXXqw444bs0pPvIyjxLpvvRI1XtYR6LyZVRXqx8/wDBng9o+TNG71Y+ZzvSLbsyZFcdSJPUilW1VvIUvVt+ZfNBW/wNK84L9S+ZrFmvo5aWXRCHUd5sSPU8hiACihklAMZIwGNCGgKAQwGikSUgGikSVYBoYhgMYkMBoYAAAAAcBLKEyKlkvcpksD5jtFZcbW9q5y8Dv7Xjlx0uqTOBbHDLrtjwLdklLcniRo3uVHf3E30iOL1IF5ndWf8AT0ZPhKBwvc6q0/6Cm/y5W/cyjtjsvM56tliafVG8XZLzObEu1aj/ALxRydI64u8BMIeGwPiA97hDWIlu/McPCBhWX2a9pGsfAvcRX+604NfMqGtFFheOeemMn/2z6ShrRifN1NMXLXeB9Jh19ivN/M9Hm83t+LZ4fbf4iHsr5s9xnhdt/iIez9TpXLHryZvvR8ycb9yvaHPxR80Tjfuf7jjl168OOOL1Kp+JER3LpbojT2cJ4Y+Rb++j5szwXhiujNLfbR6NnO9WNGtGTu/eW9iI8PNkGdfdeaNaSviaK/V9GZVvHH2vobYdXxtD2voax6zlx70/EwHPxsSPW8gAYgGUSUAwAChjQDIAG7K4E1PDbm0gOlUm1e6H6F8zk7Rx0ez8PGrKDnrbKnY4IfxPRd82GmrfqOnxjO3tqlLoV6KR48f4lwraTpVVfyNI/wASYNxu41Ur22Hxht6vopch+ilyPOX8Q4C9nKov7TuwmLp42n6TDzeRSs7rcfE2twkldok3qv7L3mKMWaWGhiGRRYAuAHniYxMipZLKZLCPC7cVsTB84nl8Gex29HWjLmmjxjjl12x4a3Je49hS3Mtj1UEd0Hq+8UXqgpyNK8v/AAqpfgn8zOXE3UVPs6tHpJfsEd8XePvObGRu6TX57GlF5qFN80n+xOL0S9o5/rpHVBWQlyFTe41uQGzuEGOWk3YUFo+YGdX7pjpP7BCraUpMKf3HxLD8c9TXG/2fU+qg704voj5WX4z+w+ppfcw9lHo8nm9fw2eD25+Jh7P1PeZ4Hbv4qHs/U65OWHXkz8UPaQsZ9z7xVH3oe0GM+596OGXXrw44o7suktURHiXTepGq9jB7LyLvatFeZOD+7iUlfELyOd6savcUd10G3rYUN/cRGVRXqx8zoweuNonNU1rw951YJXxtLz/wbx6zlx7cvEwCW7BHqeUDAAApCGAFCAqKQ0IaCmZzV5QXORoTK+eEkm8ruIjy/wCJoValClGlCU+9d2R846WISbdOd9Fax92q1m26ctS1Xp8Yv/8AlnTbOnwHo5+kd4tK1/2FFuKjdOzP0HPhn4lD3oXosFPeFJ+5FNPgql3OWm2x9r/DlPJ2XB/mk2bPs/ATf3FN+46qFOnRgqdNRjTWyQRdbwpGRrWd5IzOd63AMEMypWAYAecJjERSJZTJYR5Xbkb4enLlI8JH0XbKvgr8pI+dRyz67YcIUtx8Qlv7jDZcGStCuDEgpy4nThdcNVjxd/kc0jpwT7s0yDXCO+Eg/wBKRWKf2enO/wCxngH/AEkIvhEvF6YZyW6sYvWo3o7eZT3M6DvFPojSTItDeraHDiQnY0juwMayvSmTRd8OnzRdT7uXkc9Jt06UU7Xb9+jLAf8A5qX6WfUUPw1L2F8j5a/9ZD2X8j6nDa4al7C+R6PN5vXhs+f7e/FQ9j6n0LR8/wBv/iYex9Trlxyw68aprOC/UPGfc+8mT+0p+0PGv7L3nny69eHHHHiVT3IjxKp6yQaezhW1TT5K5dNuVaLat3fqZ4b7qz/KXQd5x/7ZzWNnuOO4pPvOw1uQYPWsulzu7NV8dG/BNnDf+o9zPQ7L/wDMF0izph2MZ8eq9x8A3YHpeUAAwBDAdigQ7AhgCKQkMAGAwBIqwkVYASHlT4IaGgF6OD3ivgHoocIpeRaGggirJLX3lWBDCkhgkMgQDADzQARAmSymSBx9pxvgKnS3zPmeJ9VjY5sHWX6Wz5V7nPPrrgT3B8AYpPQ5tgEC5CQU5HRgdc6Odm/Z7tWkun+/MK2watSaX5pL92aYlZqEuXd+ZnhNPSRe6nI0raYep0jc53rUOhrBeSNG+8ZYZrLHyNnpIjRWv8DXbQzjuh3vPUIzq6Qn5HFFtUlOLtKEtDtn63keepWoS6ttGsS8ayd8ZTktnFv9j6vCfhKXso+RprLVoL9Nv2PrcF+Co+yejz68/rxqz53+INMTTf6PqfRs+b/iPTEU/Y+p0y444deK9alP2kXjfu15r5GV/tKftF4x3pR818jz5dezHjkjxKpeIlbsqn4gr2aNv5ZP9CDDPvXf5QhFvCNJa+jSS9xK9JGacIbxS1Oax0vdjT1MF6d38KLjTqSfeqfBDQhK+I/tPS7KV8dN8qf+Tz4U8sr5m2+Z6fYq/qKz/wDbS/c3h1zz49IYhnpeYAAwBDQIaKh2ABgNAA0AFCGFMpEotBDSKSEhoKB2AdgGhhYaAB2AYAAAEeWIYjKk9xDYgMqqzUpx5xaPkpbn2DPkaqy1Jx5Mxm6YM2S9ipbCfhZydIS3BbgvEgQUPgbYF2xHu/wYPgXhnbER6hXXS0r1lzqX/ZGs19lJPjFoyWmNrcu6bSX2crb2aOd61OMsLK8Y2/3U3bPPoPERSUabT4X0NsuJfilBDTTrzbEZ4qW6Of8Al6j8dZ+5FrCwzWlml5sAq16aveSOeCjKhC7ss6T+B1xw9KMu7TivcW4xytWRYlctT7+l5n1WBd8FS8j5equ9TfHMl+zPp+z/AMDR8jv5def143Z81/En4in7H1PpWfNfxJ+Kp+x9Trnxxw68JP7WHtI2xf3UfNfIwj95D2jbGu1ONuf0PPevZjxxriVS8RK4lUvEFe9Q+6T6FrdGNOEZRhJ3vDb4G0XqcqsEXoyoyJTSTu0HpIQ3ktih8V0O/sT7zE34RS+R50K0al8vBHpdiv8AE+a+h08/9OefHocRiGeh5jAAKGNANIAGAFQyiUUgAoQwGikJFJEU0UhJFFQDBDIBFCQwpgA0AWAYAeSIAMhElMRRLPlMZHLi6y/U/mfVs+a7Vjlx1Xq7/sYz43h1xPYm+jG3oScXWBD4koriFJ7e8qh9/B9RMIaVY+YHXLTHSXOEZfuzpX1Oep+LjLnTt8H/AMm/GXK5zybnDds0WhzRL9XzKlwI0G7X82F++Frh6yCBvvB6wT8aEvFcsKwlfKnUSX2itblY+m7O/A0/94nzle3o4X3zp/78T6Lsx3wFL3/M9Hn15/X/AC6WfM/xJ+Kh7H1PpmfL/wAT6Yqn7K+bOufHHz68JO1WHtG2M+7j5/QwTvWh5o1xf3UfNfI8969mPHKnuaUTFbM1ohXu0vuzOKdStVWeSUbae40p6UWRRX2tbzOan6JW1cnrzLVOKT7pXq+8b2ZFZUV35nq9jbYjzR5dLefmep2LrDEvlJL5nXz65enHpIYkM9DzAYAUMpCQ0EAwGigRSQkMBoaEUgpopCWxSAaGCKCEhhYaIGNAMAGABQAwA8cAAgTEMTAlnz3bStjL/mimfQs8Lt2Nq1N/pM5cax68l+ElFPZk8Ti7ENkopPbyCi+4r95eY1uxPRkHZNp1qHWm/mjoVmnf/dDjlK1Wk/aSOtPnyMVuE5q8deI5VIreS0OLK5YmpHM1G629x0fy9JW7rl7TuRpUsVBaR1ty1I9NVm+5Sl5vQ3SUVZJLyKS1QHNKGIlLvTjHyDCZk6ilJyalxOqa7yOfDfe1l1Gw8VpSh7a+Z9F2V/5fT9/zPnsTrR8pL/7I+h7Jd8BHzfzO/l15/X/Lr4Hyv8U/jKXsfVn1FWrClBzqTUIri2fJdv1qeLxUJUZpxjC13ods+OPn149L72PmjXF/dx8/oZwjarG1nrwNcWvsovr9Dz3r2Y8cK4m1F6ox5mlLdFo+hp60SKHjreZrS+5M8P4qvtnJpqJ7SGD8L8yIzpvx+0ev2NG2GrS51Lf78Tx6Wqn7TPZ7G/BVP+6/kjt59c/XjuQwQzu8wGA7FAihIZUA0gGgAoQ0FNFJCRSQAUhIpAUhiRSABoAIGUJDCCwwQwoAAA8YBDIExMbEwEzxu3o92lLzR7J5fbkb4SMuU/oTLi49fP8AMniVxIZwdy4+8a4C4ggKT1FIOKE3oFbyd/5eV147f/E614V5HDWaVHDNf9SK+Z2pdy3NNHPKNxzXti528zstojhk7Y63OJ3PYlbC2Kb1iupBT8UfMiLlwOfD/iK3uN5PWJz0dMVV8kWCsTpQfmvmbU+0sVQoxo0IwUd8z1ZhiPw0zFt7Xe2yRvG2cYsln21xFXE17enxM2n6q0RyujDhByfPc0mmrd3XqZ151VSlJTtp6uhd29pPrkYyxcVHJCne2vI5MRiJVUlkskSqbcnac0+dy8tWm7KcZrqjX1E+3NrbyNaMr2NLzbSdGMm9O7ud2GowpxipUXnk+LuDenp0n9iiKK1q+0zSCcadupnQd/Se2zk6NXv8RPw+8G9F5j9X3kRlRXdd+Z7XY8bdnt/mqN/I8ejrTv1Pc7LX/hdFrjd/ud/Prl68dSGCGdnnIoQyhjQikUA0AAMaEMBotEotABSEikQCGgsMBoYhgNDQkMBjEMAAAA8UYhkCYmUSwEcXa0c3Z9TpZnac+OjmwVZfpJeLHyfrEMt7ky3ODslsE/mKX0BcQp8hPYHugAdf8LCf5akH/wDJf5PQi+6m+p51Z3wE0uj+Ekz0KbutNrmMuOkYVl/VxevhOq/dRyV3avT8rfM6b3hczW12Gt4k3v8AAE9ERGkn3kYU/wAXV8jWT1RjF/1010LBeIS9BNGFWM4V1lUm3FaW0Nq/3VQ0mpTqXz2izUZrlm2n3llb4EVlehKxyYrExpxbk3J5rKR14HDYjE4THVZ00lSh3W5Wtez26o7Txyc/+uMefHxMJPV3KUZU1FycLyV7J7EyWa5mzTcu/tpSX2kfM9acb1oPqeRTb9JG3M9pv7aC432E6mXGsn82Y4ddyXtM1fhXn9TPD60ve/mcnRYPSmPewpfdkEU9MOn0Z73Zqt2Zh0uCPCp6YdX4Rue/2ev/AA3D33cbnfz64+vHQhgB2ecxiQyhjWwikUAxDAEUhAgKRSJRSApFIlFICkADRAIYIAGMSGUMYhkAAAB4oANEAIYmAjOtHPRnHnFo0E1cD4ye7Je5rXVq00uDaMpI87uiXAlFy8JFgpvcHuxS0G9wCf4OtzUWztptWRyJZsPU/uX7HRhtcNTfGy+RzydcUYhfb0bnRB9xHPiNK1J9TeHhM3jS8266BeyRL2T6Ana2u7AupKxlF/1sn0KqPYzX4vzEGlaX2c/I6J6OKXI5a2tGp5G7nG0LySdrW4v3G4xXmYtYerh5SU3CSlZUlG/7mMK9Z1K0oSy+lUYtJXaSSSS9yR6a7Ooxi5zUpyetpPLH6tnRSVKmrReVcfRrL++/7npuV19155J+R5EMFWds9qS51Hb9t2ddHBRWrjUqdZ/Zxf1/Y7Kc1Gb9HCML72Wr95F3K97vqzncsZx01lRChZ2dRQX5KEcv/wAnqXRpU6U04U0pPeT1fxHFW1Kp+NMxc7VmEh1N/eZ0PuE+r+ZrN6Ixofh4/wC8TDr+NFw8iZruWK5eRNX7p+TIIV/5G+t/R/Q+moRy4Wiv0nzqVsKvZPpaX4ej7CPR5uHqYwGdnAAAAMpElIoYAhgIYDsALYpCGEUikQi0BSGJDIpoYgApDJRRQxkjIGAAB4oxDIATKEAhDEB8njo5cZVX6mczO/tWOXHVfO5wSOF67TiGSty3sQtJEaJ7ADWgcEFXTbVOaVuPyNsJf+Vp+wjCi9WuZpgHfBwfT6mMm8Txe1N/rOim7xMMavs01wkbU/C+Rj8bP1R2Vl5hbuiW2pBVTSJin/Vr2bms/CYLTFx9lFita+lCpbfKzdXVNOLtfQ5q7+xqeydTVqMPNm451FnKWruPRRv+yHFahvotSbNRMcru3nT8v+R0oqMXvd8zSNOT4GNWrRoLJKpea4Q1ZdU3G8dU7lxWVq7sjj9PWlrTpqmuDlqxxptyUqk3OWm40jqqqy8jOh9yi6r1MqcZQppOW2mhlto2k1d20FLvLLbRhGKuW+FioVrUUuVj6WKtRpL9EfkfOPwPrb5o+lltH2V8jv5uHqAADs4mAAA0NCGihjEADKJKAaAQwGi0Qi0BSHclMZBQCGA0NElIoYxDuQABcAPGGIaIGIAAQmMAPnu2oWxl/wA0Uzy5bHt9ux+0pS5xseLLZnHLrrjxk/CyePvKexD6EbNi9UqRO6ICn4mb4D8O48Yykre8yoxzVGuNjTBvL6Vf+5Ixk6YtMYv6aT43KpP7IWJWbDTt0ZND7pIxeNtk7X8xer0Fuw3jb3EU6midjK/9QvJGkndMykv6iPkINK/3NX2TrjGUqFLRuT1sclXWjV6QfyMa2JxD9Fh6NSMFKmpOVtTpj9ueT0Kno6Cz16sKcV1OZ9oqWmEoSn1lojmoYKGZyqt1ZJ7ydzrSULKKSRrcnE1b1nJYrEJenrWj+SnoXSpQpaQgky09HcS8V2Y3a1rSr6IE72tzQvVQqbWlxFrWU7u43KyM27fEJSTiZabX1ZTdmc2axrn1jc1Gb9NtXlSV22kfTVElKy2Wh85QjKVaCeWN2rJvVn0c9ZX4Ho85p5vW7pAK4zq5GDEMoY0TcpAMBAEUholFAMaEO4U0UiUUgGUSNEFAIaKGNCHcChCuO5AAK4AeSNCGQAxDAlgNiA8rtyN6VJ9WjwZI+j7ZjfBp8pI+cnxOefXTHjJmTNHuZy3MNqYlsDZKe4VpQllqrqrFYaV6tbglU+iMoN+kVnaxphvvqyfizJ/sYydMW9d3oe4WGd6fuHV1oPyZnh3aLMfjbZuzBbPzDjfqK+hlVPYxn9/A1lJKPedjNrPUg8rVuLLIm2kk3Sn1i1+xxrTGUP8AtHcpdxx4anny0xGDfODX7I3ilenQXdkTxQsPJSnVjtJWfmv9+Y3rLTgQgWiBbxuTFuzDdxIrR6JIiG5UuH+8SYvvJFiW/Qb7yXVjUHLoat04aytf4sxliJX7icb8XuX4p8reNVSUY3nJR6cS29X6OOT9T3OaEXKz1Ohd1XqSSXmbxm2Mrrrmr1Z4bNVhNqcYO0uK0K7P/i3EUGqeMpqvTXrLSS/yc+Mq06tKcIVIZnF63PBqRnB97Tk+DPRhNRwzu6/TsB2pgO0l/TV0qnGnPSR2uDjuj8lovXRnu9n/AMU4/BWhVl/M0l6tTe3ma0w+7A8/AfxB2bj3GHpP5erL1amib8z1JUmtVquaAgYrWGA0AIAhoYhoBjEMCkMlMaAsZKGFUholDAYxXABjEMgADQAPJGIZAAAAAgC1yjj7Ujm7PqdNT5ie59Zj43wNa/5T42rXgnujnm3iTdjKUlcznX5GMqjzMxp0jeVRJIhVNzCUtBwY006aM81eC5s6aTtjKtuKizz6TtWg+p3Qb/nujpr5mMo3i6Z/dv3meG1jc2cbrKRClktFyuuhzbU3FN8fII5m36vEdkr20Kin3nbQgcYqFNtLvczO+pprbXYza1a6APhLyZwVNK3Z+nqy+h3q7b8jzqsvtOz7f7sbwTJ3Ruq+nK1/98jVvvEW79+KKs3dIilF+JlRhKbiopt6aIM0Kb77u3wRLxEsrVPueQkS3+N62WDyznZrgtznlXeVqmsi58WQ1qXGF1rxNf8AjPOopxcp8WdEaMYpOpKxzVu0KOHeWn35dP8AJ5mJxVbEu05dz8qOuPn/AFzy9P49TEdqUqMVCjHPJceB5VbFVq7bnJ+Wxh3ra6pA6nJX8jrJpyt2U02t2iUpx2l8djWn3p2bsuRM6Lv3XfozUrFZuKveOj5IfqpyW3EnvRe+VlxqK/ev5lBc9Xsrt/HdnWVOq501/wCnPVHm9yS5O2jM1CUHz6oD9D7P/inA4tKOKi8NU/NvFntqEalNTozjUg9pRdz8kzNN22asd+D7SxfZ3fwteULy1jwfuJofpVmtGFj5zs/+M6VSMY9oULPZ1KX+D6TDVsNjafpMJXhVj0ewCGVKDjurEhAPgIaYDQxABaY0SmO4FoCbjCncYkFwKC4gAdwFcAjzAKUbhJwhFynJRit23sZUrFZTxsd/E3Z+ETUJ+nmuFPb4nzeO/irHYlONFrDw/RrL4l0PtsTisNhKefEVoU1+pngY/wDi+hSTjg6Tqy/NLur/ACfG1Ks6tTNUnKcnu5O7M3PcukerjP4hx+KleVdwj+WGi/5OOM27Ns5Yxc3aMW5cktTZJwqZZqzXMmUbxrZyuDl3r8xTVveS3scnXa73Q4PUhbMcHqSrFxdqi8z043jjKWbjTkvhY8v1j1JNPFYeVvzL9v8AgxWo7L2+IPxITl3Sb3kjk6m1qEXuL1hxZFVf7Mn1ntyC/dsTCMp92CbsWTab0aetuNjz6tKcngpwi8sd2uB6H2dLxvNLlEic3KLtaKfBG59M27aOcINttPojGdaTWlooWXTTUJ5IRcp6JCTZbJ1DlaClvsNzhCEpSklocSxCTbd7J92PG5hOrUq3TllXI6zz/rlfT+PQnjqcFm3fJHFWx9aqmvDH8q2MFBxi93rsDmrd5W6nSSTjnbb1OZSvpbyE5JaMTi29LW5ouNKVtWmupUTGDnKyujX0ThrJ3CMba2a8ik+9pPTkybChK9TXkbxjJbRb6BC8pd6mmrbpgmr2tp5lSnJRmrSi17jmnQtrDXozq3birPzY0sid0mmaR57i4rVWZdNyh3ld+R1txlFXin0FGjF96Esq4pjZplGVOzVWEot+tDde7iFelKEIzUlOD1uuHmi24Sk1n82RNOKvHXrYbNMFJp34HVh8TVw01Ww9SVOa4xdmjGylo9HzFleRZLNmmX1eA/jTEUcsMdTjiIcZLSS+jPp8B2p2f2pFfy1dRqf9OejPyrOnw1RUKjT7raJofr8qUo8NCLWPhey/4m7QwUYxdT+Zo/lqateTPqcB/E3ZmPSjVk8NV2tPb3Mmjb0QRtKjeKlBqUXqmjJpp6oKBiGAx3JGEVcLkjuFUArhcBgK4AfBY3+LqkrxwdFQ/XPX9j5/G9o4rGO+IrzmuCvp8Dld1uK/K7fQukLNfcTe4O0d3by1FnS8O/NgFpNX2XNhGVOPOb5bIl5nd7hpxWoF+nnbKnlXJK1xqrnspJ+YoQcuqE0k8rJtY6HK6UX8RPgYxlKLtLVGq1V1zOdjpMmkeILxIiL1ZS3MV0i29T1Xvh31v/8AFnkvc9On3qWGtvmiZyaxdi1WgnpKNxpPVcOIoRzyvFZrfBe85SOm9G3qgScrqCzc5cEKbpw8b9JLkthVKs5x3yx5Iuk3au1OnpKTm/yrYmVaUk0u7BcEZXs9C4KV7pMvU+p1nldth2lLwrUVXEUcN45XlyW559XtKdRSjTXo0+W50x8/655en8d2IxdPDxyyazco6s8zE4udfux7iuYqOZXYZeLO0kjjbajJJd5PXoPvLVIvPGGsWyXNzfAqKU24/Rk5bu8bro9RX176djX0cXrC5FEFZXS1Q4yburWT4NgpNWTjrtcd1ezaXmFNt6JaNbWejKik5d9L5BdKN9bdUZOV3eK7vKTGh0Q0lpdabFJKXiMKc7S1OiM4z0V09whpdU+onK2615pjSy95/EJZXZrTmtyioJSundeY75bpLQhRk9dJdC5LROUfLmETKhCrqrGM6FReCbfRnRdZbRb944vWz080BwWlmtO0WuZTS31XkjvlBPRJP9jmnh3m0aT5SKOZxT31f7ilSaWZNacOJpOEo3vHL+4JSUVmv5llTTOFXKncpyaXQe+k439wnS7vdkpF2j1ezu3MdgNMNWaivUlrH4H1PZ38ZYXEZafaFF0ZvTPDWP8Ak/P25JXsDm9NQP2Ck6GKp58LWhVj+l3FKDjumflOExtfCVVVw9adOa4xlY+s7O/jOonGGPoqrB+vDSXw4k0PqAuRgsfgO043wteOfjB6SXuNp0pQ3RFTcLkhcC7hcm4XAq4E3AD8bcoW3zfIic21a6S5Il2vyKhSlPRK/kVChJ7Wv0Kyqe2muxrDDXV2bKOTZK/Mm1cyoSfG3U1jSjHxrN1Nc12KWj4ECklfunLU1m7/ABOxJOya3MK1PLLTVMKxUk9LXKTlFXTRMo75UviEZW1sBtF3dyluYKTUrr4G0XfgYsbxyaM9bCQlUo0ctrxaevRnlbo9LCK+Fj5s5ZO2LtqeihJ3l6ST9VeFGU6s56Xyx5IinHvaGmXQzq1r6jK3dfkaZG1vwIq1IUYt1JKK4c2efV7Tm+7Si4L8z1ZvHz31zy9P49GpWpYfWb93E8+t2lOd4QTpx6bs4nVlJ955789xO1r2fuOsxkcrlacms15Xu+PMXck/qJyVuYRhn2RUN5Uu9o+aJk5rW910BU1F6O75PQLJtX4ATfNoo2ZpGDtez8wUWzRSs3eNvqES01wCMpKSa+BTcXbxE3d1lYVoql7KV9Cm46etw6mcrpLZNjisnetcDRQy7t67XGm4tarpclyla/7F05xSWuWS42Bt0U4qaea0bryM/RRUu7KyvuzP0jzK97X4GyqwUbNN/Qui1NSLntJu2lmgipZXbdcAclHwt+Q1K8W3u+KKir2Sc0EmpPiuGj0IzSlC1r9Soyais0ZNAU4NK8dvM0ip5PApfMzU4JtWlF+ZLdpKUG7hWkorXOpKw4u0U1NNdSY1ZyspuPm0bRhBq7SX7kE3ve8W/IxqUk3em7dGaZWpcV5DvbRxUuq3A4nHLK0ouL/YTjOOuj9x2uF4tNXXJozdN2vTeq4MIxc1bvJNvdPYxqU4Sd4ys+TNdXNqrBpcdBeji/DquCLKaYWlBq695Sm4yTRt6Nxul/vuJ9HCfHJJdNC7TR0qs1LNGTi090z6HAfxXj8GlCrJYimrLLU3+J826dSClomlxRee7aexUfpmC7d7Nx8UnU/l6r0yz0Xx2PQnQktV3lzR+SQqaKLPY7N7dx/ZziqNZzpL/wBOfeX++RND75qwrnm4L+KMDinGGKj6CpL1t4/E9hUo1IKdGcZxezTIrG4FeilyYAfkUMNG3F9C1HJ4VbyKbXJLqGbTcm1TJtrVWkhRlflcpWb1QrRUrtpgGbXVLzE2n5eRVsz7uqHJW2sBmrN76GVfvTvfU1cG/PkZVU76pAYSV9t/MmMW3/k1b17qsJK7Sk22A1C0b3uCcsytwKs4PVW6obUnK70T5BG0JKUeT5HqdnLNQa/UeLFqnqpe7melg8bSw+Hlmerd0kYyw3x0xz07ZyVJZpvLHmcGJ7Rm7xodzTxPc5qmJdWpeo5NcUS3Zq+nJmpjpm5WocpSadRuTfMpRTWisTWSzOTTXkZ5m3eD1CBuPF6iUpp2sreRcY52m9zWKWVr1l+4VgoJvS6ZaU4xVrLqjR2XiVr/AAM5Quk4PjtcC4z07yVuTKcaVS+VpPqSsyfe+BXckrpK/QBQstM7G5Sjo53T43I8LWpccznmurdUBEt72di3lzq0rP4XG214YtERXeupFRossnaVkzSmmpOMb6cGczTT+ppGpNxyq780FbVpNPvfCxhO146mz17shSjCC173SwEQatrK50U8jtmauuZlF2T7l3wElefdeXz2RUW4tttO8UGZW8Jos8FHPZcVZjVpytN2dgM047xukVGbT8RU6CSTTXxMrpSae4GzlFK91d8LGd9V/rBRk7O10VF63dteDIq6Tjd9746DlC7zN2t+42o31WR8wUH6k3ry4gS1J3almQ4qbtmg7eQOM4ptxyvmtmJVHfvNpdGEWs61jdrmkXGSfiin12ZMJS1fiQbvWN31IrWcI5e9rBnJUwyjrRqNdGdEWlG0kxxa2S/a6A8+o5X7/HgSkr3vsd7gp2TXxWhjPDZFmS9zZRFOrOg86ffeysZTjGWskot/l2NVNQTjONm+L1JnSb1SuXaaZunpeKzK2rXAuhNpvirEpyjuveXnjd3j70XbIjOzj3tjrwva+LwVbPhq06b9ZLZ+44JQlF3hLMnroR6S92tij6tfxpj7Lu0H/b/yB8rnX+oB9IEm9BuDj0XU0eq18r2BNqLi7+ZzbR6R8UkyZSb3sDstE9xqLd3+5QlK1rMUpSku82VltrYandWSCIs3G6u7GdZWV3fc6YSsmkn7mY1JZ/FpcK54xk9Urh6Kaem/K5TUadS3euDTdmnoAvSS2ltyYlNrVLQpRTWvwGoXWmvvAhd6Tb0uV6J8bpc9ynBeXQ1hPJFp2a6IsRk6b23Y4NqOWS0uTKSlq7ouNqllOTt13Gxmrq6zXi+BXorNS0t0NKlJLWPOxMGoJ31uSqck01levMIpX78n11vceZNJPRc0hpbXaSIqbSV4qV48mS4KKV7pXNdFu7ry3RjN5X3dYtlg1c27appCyty0Su+pCkuGi5M1jUi9LXIByUY63sKyaun3egmrS5lwtF2el+RRKvG1pac7g6lpWsmaSytuMHo+Ntf+CKcIZ2pPMgjN3d7ocZWV9X0ub1KcEksz14MygnDWUM0b7hTp1F4aicr+RopR1tK/RinlitaenG5i1q8qsuQHVCendfeXMxeaTb1bFCDy+F+41gnGPFosRm5SvZtu2zLhUSspK8fkawjB6yTg+FuI500nqk9NioM0lLNDvx6Dcqc4ap3FdQStFxfKSF3o2bjoRTyd27TtzRtCC1s9eBm5OS+zlZrW2xl6aVmnq+KZYjqlL0T70bX5MhyTau7ryMYVWu69E+D2/cJSUrZYtLYaI2dRba5ik82lrrlYzVPS6u1ztqXCDveE8vkZVcU4QeWMnF8OAQmnPutrzJnKtDSWy4kyvLWTd+oHTKldd16ERikrqVnxMlKyVk/NDjZu8n7+YVvFWV73RLm9mQp8vIppyimpZU9OjCJlSU13dU+Bz1cPLg7dGdUYyi9VrzQpNuXev8APOkqkL5k7PjwKhfLd2d9rndZNGUsNFaxdm+T0Ls05HBJXc9egrJx73xT1NKiySs7JcyXF2TbVntbiWJpFo/mfwAfpOr//AIAqaawlfRvQznkT1u10Y+diGt1c5tCE8stk/MrjxsyFBPaSXmXktHV/BlDy97V6EZe9aDNVFKGVrfZoxaTvbdEFO70vqZTbjHTVczSE27LTlqRUm1e1mBhKN/D4ggnJ22kilVb8X7DkouSeaz4NFQlVfHQtShLz57CTVRvOrcbkTi73Uk7BVtSitNU+RMLuLdiYu/NGlOnmTeZX6AEW2gypSvyKce7q7Cy+8g1hUjZ3S945xhK2VNX3stjBxcVfboWpyS0dl1KBQbur9LBb0cnpfzLU3Ul9nljcc4OKzXjKy25ATJ3d5AlCXNaibunbR8hwg42bsuJFE6Ka7qvyZjbL5o6vSQjB2TvzOecszKjSM4y02lxJzXeXLqv3MGn5lxlwauuA0Llrok1yYR7r76fmgjK8kmtObNKqmpJuzXB8ChSknBJJOXQuNWMU9d9kycybyy7nG3AKig3e6/tIqE5U3d3yjUlJ6JLqh2gtPSK3IFCyzQtfk+IiNo5ZLR3fkVFNXain5MzVOM43XcfJ7A3OCV734X2KjR1ePG+3AnPd6try1J9IpKzgr9CVZXv8GBcmlrCRpTrTfdlsYpMd76sDfJe8otIJRbdp3XVGMZyj5GkKt7OcnpyAuFCLffeiROTK1xT1NLRcLppwXPczypK8ZP4bBW3poW0TWhSnGTS1l14mSqqMe9G75riNVlGOVXd0VG7TSalrHlLgRUUUktb22FCrLTfKaZac3mio+TIu2N+d0kWp5o2VuWo6tJOVs1nwT2+JjklFpNNdQjVNPxR+BUFDRrNbqZK8ZrxWsaZ3HTVSe90VTzNNqL+ok1Jv6Ck4uV1Fx9+g5w10TXvJRUc0ZL1l1Cq4PxadUKm57R16MJSzNqVNqxBOSMtYPNzUjKphYSTyxcHu0tjZqC2vFjtJespIo4/5Zcv3QHTp/qADjUHF2ltzCUYpKy0fEl1EkVGa9HqZGVkpa6RKck9rFOEnq2mQ4pJq2vAqCNWUHbgglKPKyIu01ezZcUno2r9QI43jqhyWZMTjkemq5jVm97dGBCpJq6JdJq0laRtnilldv8kunnblTduauRWTne6StfgQkn4dGOpScJeLUqnZR1g31RQk8l5OKNqc4pXajry4ApQtbKnF7hkindRduAFdy2knbyIkrJZbDpxzO7WnNIcYfaZVr7wFGclFt7cmTZvnbkbSp3jeLYqadN67AKDVLwrvPmNvwt3vtzN1TpKLk078CJxi7WV7gRHJrrZviKba45lzNIQdOTlZacyasYuacdG/gwOdu3+ATv5lSina9r8xvw6xAlRk7u2gs84d1xi780aR003jxKnBWu3ePDmUS3JRi1FJW4minTndTvFta32OfNOz1TXVCe6zK19mgjWUGo8Hy1FGbjdNabWZKl3d2OWfndcrBScOqKgqkWrXHBvhoaUnd5dFw1ASnKVlK2W/uuatyhTcb/4NJRaTioKUVwOWbSfdTS5MAdnurdUXTV9Lr36ohO7Svboaqlfa2oRotuHuJd3wEqVRJpJSXQHKajrLUBXV+9f4jtF6qVumxMm3HXVFwj3btPXSzKJvqkv3OijPLTbdo+7c5k+9s0bOm3GOXVcyCm459EoX102Zavbw35PzM5U5KNrWFHPF5W7c7hWkGlFqV1Jcmax1slbK/cZOmpNejlpyb1JTnGTT0KjpnTkpaK65GfpYvR6cCLzzrfyZM3d95IitUrRWXvPluKUlKF9Lx+JMZWptWsyE03r3QjWElZq2j9xcYVIq8fgZRjeTtNa7j9E16za5oK0nGotEl7gWIcXlqq9uaMr1Nnd2JbzPkBvJ0qi0uvMSpO1s115mNrS0SNoytq4uPVbAL0b5zA1/mF+dfACDy8t1ZJtgmk4qLubPuxlmd78EY5Yt3jmvvYguLvZN3a5mdTNm4hNaqS35lN5ks10wItmWqFlktzaCvNxb73AlyaST1XMCE3s7NBli9bl2i3ZO/UynFxd1deRUZyg3K8V9BekdPVJpld96v9jSMk4vTMuvAAdaM6dpRWbmRTm82zvwRE4xesdLcGEG07qTV9mFXNJ6xjLNxKjnkvWVvVsFNTjJTu3HzNM8XK9rp79AJinSjJNWbQXzQvP3BlUo2Um18BSWW11dAVRqR8Mrx6myhJStV0XBnNGGeSStrz4FVHKCyOXd5Abxbv3XfmxypwVrXbRzU6ji73OlygpPM+l0RWM5yto8vNDUVJJbS4WHKClKyaatxJhdRVr/AKddgFKjLMkrN24mTWmnA3hOUJLPda8UFSUZSd99rrY0y5ld+ZaleOrs0VZPVWVhSV43hq76gNST0svcTNJJcUQm1dWaZamvDUVuoCcE3eNio1ZQdtH0YsuV7stRjJZparoFS1CesXaQRzwvxRTgtLbDvKPhAeecWtXbobwlHaUU+pjnUvG9V8CkoS2v7gjSVJTV6bT6ExjlsszT6bCVKce9Cd1z2aIvrdaS6BWrjOGru480KWXKrX15bApxVPSUr8R04wlHNTcs19mAUrOMo8eXMcUouTjaWnlYHFRjomut72M4u029egG0VGpbTXoVTSjNJHO2731T6G1KpFtZo97864eYNt23NLWSy8zPJJu+XQJYjNJp2lHy3NvSqVNWdujAxbUFp4ufMFdq7WZPlwKqU29VZvjyM4uUeDXkiDppKLV4ST533Rz1IZZPK79CpSSjHSz5msVTl3laLRRipZPCtQThKLcopNcNjWSTv6WCUuaM5073cU7XKieG7LptRkm7fGxlKM4ys9Qte1wOhu6uptdNzCbu200wkrX42Cyy73IFFpcXFm+W8VkalzS4mcVGWmZx6PYpQlCSa18mBnZfkkBV58pAEc1OSl3ZX6MiorSunYTlHNez1KavG8X7jLRQbkrMSmotrX3F6ZE7akOKfFt+QQoyeZaNtbBCpFXU0VGbW694pJPvSWXhcCHFqby8GaRm3J5tBNWjwa4WBTzR7624lE1MlnlluY2lF3jqaNK+jEoXzO+qIoUc1nJW5MWVx1Urx4jcpJJrzLjNVFtqkWIUqji13Wk1pfYcK1288bPbzJzOayu/JCpwju229kUaU4RltKzWu+45Wu0n8RQShPVjqzs1m7xNKaaSshVYNqNyUk1eOnvNYPKkppNPiNDly230G24SVtbG0u9vdsi+TuvK49VsA4NtaK0lw5mlKDja2rvaz4MiKlB56aTXK5rGzs5SaTW19QKcE39pP3GUo5dXHut8WUms6vZu+7Jb4q+XjYCHGebuvXcbleOVpRl+xqpRpz7sdGrrXYwqU2m9G4viU0U80H3k7cRJwnprfqaRc8uWV5R0sRZKW1ghp2tmujRt05Kybvwa3FaTi73tzRkm5aSu0FbZU56aS3QpSnTl31/yEaV4t59fVJkpu8J94DXLCUU8zRfossdFp+ZGUKcUld6cXyN3KcY2TTW90EZxqWbUr9GDu1paQN31aiKDi5aqSChaOzuvNGiUVBO1pPkNyTdnZLgLKle91HkgHkcpZlNX5ilmT70W7PVkZcmt29dGi7ys3G9r8AFKDlayszWmlDvKz4PQbmpU2+uuVbsluT21AidO2sL6boiE5QkmuBtGaV1KN7lSopwzXT6oAjiXw0XJjU1LNeKs93fZmLjbhddB+ja70JKS6MaNtYOM2otNX08xSeSf2bvzTRVPLkvx4xKUox9W+u7WgERlO9tfJmkKkoy3u3urE5m3mkm+GgNZtIq7/cItVac47W6GdSHdvCNnuOULUsz/AGFCrlspLS99AM1K77y3LcY8JGs/RyV7a+ZklG2t17twFbTY0s4pWau+BVOKbTWiZUlq2k2ugE5v/bj8QD0q/K/gAHlTjaVjWnaMNdb8LDnSklfhzM0rS1ZBor+HRdbEq/BXXCxMmtGk7/sVCUprLC0bEDUJJpppcLMMqtJPVLhxCatHTV7+ROrtPW75AZxkovVXX7hKyfcvlfBg4XbsnfkEotK2yKKjbflwHUSklNLKY3fOxtbRW1IrNJr1V8C6cYt75RSa0V1cu7Sdle/NWt5FRE4y9Lppz4XIlKT00V+RUq83rNJ678ipeilJZlZfI0hRane7tJI0TUo2a0exMYRjeXq2Iu1rF+aCtFBRvd2XUXedtbroJTuu8tOYOHdzR+BlVPO9Vd2B5bfaRtdaNDpyaTadmOco1NJWjLjpxAhzslz5i9I41O/G/VjqUvWjsXTqd1wqRWnGwDqSptK27W5zzqSzWcrrmjpVNKEssczXeV+RMYpQvo1wdrNAS5P0drXjLkgpyakle667CTyRWqd+PIUqbbvGSS6hVzTVotKze6MlNp5ZWyvidNGq4rJJJ2ezFOheGanG63ae5USou6i7ZWtNeJLk/CpL2kkiZSvPW7Q28qcZRuntfmELLZ3114Gkcq1TXe9bkChCMU5Ss+RUZQk3ZJLa6+YE5pQspwSfNaXG1KnraWR8bDqSU1lbtbjwMs04uyvFcUXQ1jN3bza9DTLJQcvFFrW3A5lKzutOhrGq+La8iaEtp6GlO6laTzRfLUJqLktLabExVuNvMKq2XW+l7WsU3aMss/8AeRopprI2t7XW6MfRxfhaetkA75pNwduhco+keZPKyHTqRbsrpO10X352va64cyomKabUo68zTNFJeq+K5iU4S0k2ugVNeCsAaSaab87DyN96Fm/IzTWiat0N4QhKzba/yRUKEdpRtJctGinOzVtW9+oqmdSSfetx5GXruNS668io6FCafhT6ExaivHaXGyCMatKDaeeD3szOSk43aTRBtHvXlF253e5FoO78MuT2FCMoq7s4+Y5xeVzWsQGqfC6T89DWPcVnJ2fBq5hGcWrS1fM3SnTg7WnT/cKh1IK9k1JPh9Co1ZJRcWteehE6cKqbi7Pc55Zk7SumuaLGXRnl/wBP/wCTA5fegAMz9HlS3FJXkr2RCqSjsaVKkW9EvMyoVOybVndbMxUXtb9jZ54wd1pzTGnGSajZEGcna1no1uUpXspbIzk7d1p24FQj3k1dc3uFatRktElLqYVlLdprhY6lGK1k1dGblnk4y0s9wOFwbdoptlKo4U3Bb73OydqSUoayZhWSrwU0lGXE1IjmbTXe+JTqNR5+7cUI95qQ7Sc1FNWT0Ki1L80Lp8eJdOEbuG9yFKUJyjFWe9mtUDlm7yk863aAqopwqZUnl5CkpRhFyX/JVJOotZa7Iqom3rK74PmRWSk07cOTR0Q9HJPK7S5E0aPpLxbSfC+5nUoTjUal3eNxo2ucbWaTRlKEorNpJX1K70FumuDfEqE88ryvbpqQKnVsmnx5mqkpRUeD11M2oSu0tRd5WbWnIK6qcXB3i7pb3M6n3t4Wt63UlTlGLabE+/HewDUVONrJTX+2Mr5J5Ki/wT3o6ps3X2kEmn8AI9Jl0dNWevmdNF+kpONLR6brZHNKNnkV7br/AIKUskJZbpvQLG8qaqRbeVztw3fUwnCUb6NxfIalGLhJPTiVKu5X0WvEQZOOVQbtlfBM1dROOVRst7J3BJTi2o2troRCm8rknble1zTKqajmau4rgXGi5wuteD13Mequr7ounOSdm2lfiBU6Fov8yRz6o7V32otJp8VoyatG+seG6IM6MlPLCWjvuXUkoPKmsye4oYeyvNuPJ728yatKdOzdmnxTKCErq03a3PYpRTlJRVvoYx1aS+BVRWce9uuIG7dSEo3tppe2hd3C+da80RCyballS9WXEpVUlao24WtpzAjxO2jvqKOm7sNRpKXdk5Q5hUUVJWejQGkY5l3ldc0OMXBbXRjTco96G3Oxs8QpP7SNnzRFL0uWy3XJl3hVSurN7Mm0JPR3T58BSpxzLI7PlwCNIU5ReWMrdGNNSbjO66cvIzUpwdmtS1O0rW3ILUPRp3yyT2a+pnKPKOz0trc0jOKjKz6WZm7RjxVnw2KJ7kpd9WkOOZT7l/JhenU0k8suaJnGcYrNrHZNEGsV6WVpJqXBoUoyy5Wr24x+qMk502ssrrqbRlF05VHFqd7O2gGfoH/1EBr6WP8A00A2unltu3Q1o3Ucz4bXAAinUs2r3TM0u8ktwADSEU5OU7O3MmTywtFqwAQFnZOX7cTScUktJXXqsAKMG7PX3IScZZuGnDgAFGMo5e85d7pxNIO6u1HR30AAjOTvUzap8jSMouG1pv8AcACpSaaaVuWppKrJRtUin+oAAmnUlmzKep1xrxce+9gAKxqUu93Hmi+RmqTi9P2ACCZws007vkVTqOLs1pyYAEbypqcc0ZavY5aqcXrdWAApKeaHed+prTk4RSfufMABGqcLWk0mSlKUGnxfDiAEVjGMotxflqPJbXVdQAqKTnB5W8srfEG5R0Wqv8AA0i3JTTbdmuAQjLLd3UXxuAAbxrKnK1lJmi78s7zLpHXQAAaquUZ5lbQxppq9k3F7pgBFTOCjaSWV8LDtGo09FJb3ACoqpD7Jv1o6PqZxu0lHa+qYAEaWdKpdLzXIuLhUV1aLtawARSgvQyzSSuuDNvR0a6ThJRny5gAE1KWXeKUdtDGMpQlfW3TUAKNZVru7d0ybQn61n1ACBSpyVm7WFGdm0+8gAAtGWqaNKctXBu4ABdSGa1rXttzM5RaWVu19+gAZEZpLS60AAA//2Q==\"]','available','2BHK',0,0,NULL,2,NULL,1,NULL,NULL,NULL,NULL,'shared',NULL,'[]',NULL,NULL,NULL,'2025-07-21 13:42:48','2025-07-24 18:17:57','[]',0,0,NULL,NULL,'residential','unfurnished',NULL,0,NULL),('cb5ac3f3-a942-4cd0-a4b8-59d470e78f48','testing','0b027b1d-9d43-409b-9a83-4cc5dd77d9a8','villa','Hindupuram, Andhra Pradesh, India','Hindupuram','Andhra Pradesh','515201',10000,0,'unfurnished','[\"parking\", \"laundry\", \"elevator\", \"balcony\", \"clubhouse\"]','testing','[\"data:image/jpeg;base64,/9j/4AAQSkZJRgABAQEASABIAAD/2wBDAAYEBQYFBAYGBQYHBwYIChAKCgkJChQODwwQFxQYGBcUFhYaHSUfGhsjHBYWICwgIyYnKSopGR8tMC0oMCUoKSj/2wBDAQcHBwoIChMKChMoGhYaKCgoKCgoKCgoKCgoKCgoKCgoKCgoKCgoKCgoKCgoKCgoKCgoKCgoKCgoKCgoKCgoKCj/wgARCAInAt8DASIAAhEBAxEB/8QAHAABAQEBAQEBAQEAAAAAAAAAAAECAwQFBgcI/8QAFwEBAQEBAAAAAAAAAAAAAAAAAAECA//aAAwDAQACEAMQAAAB/lSCoKgqCoKgoogqCpQlCCkKQqCoioqpQlCCoioKgqCoKgpKqUIKgpCpQgpCkKgqIqCoKgqCoKgqCoKgAAAAAApKAAAAAAAAAAAAAAAAAAAAAAAAAAAAAAACAAAAAAAAAAAAALLKAAAAAAAAAAAAAAAAAAAAAAAAAAAAAAACAAAAAAAAAAAAAAoAAAAAAAAAAAAAAAAAAAAAAAAAAAAAAAIAAAAAAAAAAAAACgAAAAAAAAAAAAAAAAAAAAAAAAAAAAAAAgAAAAAAAAAAAAAKAAAAAAAAAAAAAAAAAAAAAAAAAAAAAAACAAAAAAAAAAAAAAoAU6z3fNiCgAAAAAAAAAAAAAAAAAAAAAAAAAAAgAAAAAAAAAAAAAKAAqAAAAAAAAAAAAAAAAAAAAAAAAAAAAAIAAAAAAAAAAAAACgAAAAAAAAAAAAAAAAAAAAAAAAAAAAAAAgAAAAAAAAAAAAAKAAAAAAAAAAAAAAAAAAAAAAAAAAAAAAACAAAAAAAAAAAAAAoAAAAAAAAAAAAAAAAAAAACwAAAAAAAAAAgAAAAAAAAAAAAAKAAAAAAAAAAAAAAAAAAAAAAAAAAAAAAACAAAAAAAAAAAAAAoAAAAAAAAAAAAAAAUQDVMKIAACwAAAAAAAAAgAAAAAAAAAAAsoUiiKIoiiKIoiiKJWjLaObUqKIoi6MN5IoiiabigmdjF0JNDnOuTE1KiiKAIoAiiKIogAgAAAAABYoUhSKItIoAAAAAKIqJaBQQsokoi0lACLACpSoCUWCyUAZoiiKMtDLQysoAWJNQiyoogAAAgsoCqIoiiWiUAgsoAAoSiUAgKAFggCgBYILKJWzD+mcI/nU6c6FEsFgsCyiCgJZQAACUEsE0jDUqKIsAAAANAAAAKJaSUlS0y0MtCKJNCKSKWKJQiiKIoiiKJfd/Uz+Qf1r9b9LFzry+TF/Jfyb/R3Lc/zq/on883IqoqIoiqiiKkk0WKMtDLQy0MtQk1KiiSgBKIoiiKStFikilikBSiKIoiiKIoiiKIoiiKI0MtfRj5jYw0rPf6v7vL2fofjTlr7d+Mj1Tz8j3+v5GT6n8j/pPbT+HP6l+P6Z/Oq0iiKIoikiliiKIoiiKIsEoiky0XLUTLQy0MtC2liiLTNolAAAAAAABKAACiN/pI19TxMPofn/AKHmr5H6Xz++Puvy/wCZl/b/AFv4/wDVr+k38vnL9J8H5fqs+99D8j9KX7t+VZfuZ+P3Pg/j/wClfjemfjrNgAEoAAAAAAkok1TKjLRMtQiiKIpdNEy0WKQJUoiiKIoiiKIoiiKItIvsPL7vZ2j0cPn/AD4+18z5kreCp356LjIiqudSH1vk0/Ta+VrL7Hs+J0j7U+T3PoT52jxfI/R8a+E9/DTj2z5j1+fps4AAAAASkk0ty0MtDM3DKiKIohTTSM22stIy0MtDLRMtFy2MNxMtDLRctDLYx05bPbn5g93n4iZ3DLdrGs0koiiKIpIonp89l9k8dPqcvJ6Dr28yT3dPmcV9nzZaJTPXnT2cePrOTplMtDLQy0MtDLRctQy1KgAEoiiKTapYogDQikjVlzrHGuu/MPVnz9DoVJrHNe2eNO3LAk2rDYw3qOWuvM1y1CKqKI0jLQyojQytMqqKOjCTK23LSMqI1KjSOmck664U7XFNaz519Dyk9Dl1U1DKjLQy0MtKzNjFok2jDYw2MaomoLz2ObppOLtk5ugw2MNjGwc+m14OsMNwk0MNkw2MN05tjDYw2MNjDYw2MNjDdObdObdXm6U53pkxKqKEpM21c2pJnZcNjE6CbyEok0M6Cgk0MTpDvnp5o6vN1rpdQytMtZGZk1jQdOY755dkiiN2Obviuc6o5zqOTpDC7rnOiOd2MOg5ug5umji66ODr5To7Q5Oo5ug5vRDg3Kzd6lxO0OFnCuq7Tm7Di7YMNjDYwzk6M0ps5tlw3DKiKIogJNQ8fo8wpD1Tzh6PMPfPF2PTOGzq83tTne6Xjeo4u9PNPXo8Xb0dDi6jzX0U889o8M+l0PmvqdI+M+3T4V+/xPjX6v5yvp8vlw9/l8qiWu3fw2Pq9flZj68+Ra+pz+d2PR35U1vjInLqrlOo5ukMtQvTlD068lj0+DErDeakC3KO3Tyj36+fT6F+bT39Plj6F+cPa8+T1PN6DxAAAFBSNUxesOfbOD1481OrGya2Gsw7zjmPU8tr1489jt082D3T52a9fPzjWYAoCLowsALc0GzDpY5XVN9vKPdfBk+jn51PbPFT1zyj1Z849E4DtOQ65wNzMNzI0yNM0ELLAAACgAqQ0yNILcw304jtnmO9847ziO14U7b81O7gO7hs6znDreFPQ4U7XzjrMizQ53ejlz9eTzO/M53WjDtDOemDM0M57Q5O0OLtK5OuTDUIojQy1CLAAAIKIAAAAAAAAAAACyygCiKIsC0y6bOD05jhfR0PLvfM3OdNsQ6uA6OY3iKqAABYLvmOrkjq5U3lTLUJYNINMioAAE2MO+B045OmMgAAAAAAABYKgqCoNIqs00yjTMrbA1IKgqCoOuuCO/KdKxOg5ug5NDLQyoLTLpmMzSsqIoiiKJVI10jjekMauCzVMW0z0nM6OQsiggAAAAAAAAAAAAAKAAAAAAAAAAAayOrkOzkOjmjpeQ6XkOrkN9OA664DpMDd5jtvzQ9PPkOs5q2wKgWCwAAAgAAAAAAAAAAAAAKAAAAAAAAAAAAAAAAAAAAAAAAAAAAAAACAAAAAAAAAAAAAAoAAAAAAAAAAAAAAAAAAAAAAAAAAAAAAAIAAAAAAAAAAAAACgAAAAAAAAAAAAAAAAAAAAAAAAAAAAAAAgAAAAAAAAAAAAAKAAAAAAAAAAAAAAAAAAAAAAAAAAAAAAACAAAAAAAKAAAAAAAAAAAAAAAAAAAAAAAAAAAAAAAAAAAAAAAAAAAAAD//EACwQAAICAQMDAwQCAgMAAAAAAAABAhESAwQhEBMgBSIwMUBQYAYjFKBBgJD/2gAIAQEAAQUC/wBGLT05as5xwf61PU7W3/0bq/X6KKK/7hQi5y2f8ZUtLcfxfVUpwlCf6vGLk/4/6Q9sJdP5J6Q9d/8AP6ps9rq7vW2H8f2unHQ2u30ZUTmpaff92jqc7jYbXcnrPoEdvo/qWjpT1tT0zbrYaD1cYx3MIqW4ljGVSLP8mSk9VyPVPTpbXU/S3stdQ8PT/TtTdy2m10tssqLFKhzMqb1FFZGQpDpmt6ZtNV+oemz2z/SNlte2Xi9XHWWtsUxbPcOWy9N04GfGfGp6lttOfduOZma24UDVnKUtrr2szMzFPIzPVtmsf0WKcnt9utDpY9RQHutEhu4kd1Bmv6npaZu95q7jptN5Pbi9R0GT9R0ahuYS6XThuLO4ZimOeRmb7bdqX6FGLm47Sdwhp7ZZ5uevGJqbuTHJt9Ix4yQ5N9a4E6NrrGRZGbiLUTLZm0dwyNxtvBJtrtpz0pQ/Nx0SLVKeBPUxNTXlLxobv4YT7gtRi1EKRmxScF3YMboyJxhMnoHbxNSaUfoQ1MSSTX5eMXJqHbb1IRHuCWrOXl9PkWtMU4yHLFu10s09RwO5I+q1Nei3dF9ISxeKkvyuR3pJebX2MJuIpJ9cqNTUc/NNpqS1Bqn+GdRO7O84srxSbG4ouJcUSlfwUZUvs1Ic/jz4yZfjVK4/bWi15fQc/FS46ZJEpORQ1XwUcL8NZkjuJJ89VJlp/PycnPhXWzJ/KnRjf4Wh/Ch+SbRkX42WWX9jQ1Xx/Ua/BNUXx981T+KzJj5ItouJi/tK+2xLFFyeKv77Qfdi9U7rI6ib8b8/o85GRkNjlG8VIooooorrXlXhiVYoSZLGB3VaSca610UGz2RHOTMjgtIVzH20S1G0ZHtaxMRxfk5pHcRnEyiWvsZz7i6R1KT1X0jqdUm/GijFmLKZXVTkZxZkjIyPazBHbZhIqQ0ikUizgsTbGpioluUamvqTXSc7Ia1QWrpClBlnvMJscWui0pGMbuMScnL4FwZsUoHsHhFTnl5JtHckLVFOLLLtvgVN9uZTvGXzabJzs7tx7jFjJKCZiionsP6z+syiZIyRwZRLiXAuJ7S4inEzid2AtWJnEyiXEe40Iy1d7t4R1txqasuCUnLzVMaosyZbI6soi1ypSMWYsxZizFlMorpwcHBaHqV04OC/gvpfj3JkpuRGbR3fmTrotWaM4yHmZszZmdwWoR1UZwLRbRnfTIyE2XIepFEtdj19RmT+0WrNH+TM/wAk78TvQO7A7kTuIzRki0Wjg4OOldKKKK+54KI6eQ4NGEin1ykKbP6mYxHChV04LLLZnMvUQ82Ysr4sX8GLMTE4ODgtFjd/haKKKK6UUUXI5Z7kXM5K6UUhcdODgqJUTCJgjA7R2zBmLMWYlFPpkZszk/Hg4MjuTM5Fvpf5yzJmTLZkzuSO5MzkZyM2dyR3JGbLZycnuOS+mdHdHrSM2ZClEvTKgYnHTgqJRSMDBmDMSvGivy9M7cjtlRPaWclnBkZP48mZHtODEp+NstmTMmZMsv4VBsxSLX4WmYswMdM/rM4mdjz6cHBZf2tmTLfhZfw0UYUWkZP77g4OOtlll/Ap8e1mD/A0/GzGR7UZ1+UzZaODExfw5Mv5sWcFoyfSmYlI9pm/zmcjJllo9p7T2lIoxMTAoqKPaeyqRRSKRUD+szOC0WWW/wD2z//EABgRAQADAQAAAAAAAAAAAAAAABEAEJBg/9oACAEDAQE/Ac9ijmWOfH//xAAfEQADAAICAgMAAAAAAAAAAAAAARECUBASIDFwgJD/2gAIAQIBAT8B/Mm615cLI96l5QbvgsoLJPS0Q2zrTodSDROMXoqQnnCE4vzHPvD/AP/EAEEQAAEBBAYFCAcHBAMAAAAAAAEAAhEhMRASMkFRkQMgImFxBDBAQlCBobETI1JgkpPhFDNigqLB0WNyoOKQsuP/2gAIAQEABj8C/wAGKro2S00nPZPA+7Y0Wjm2H6Q+Q/ykwyyCWjIBA8q0zTLZ6rFyP2fTsNM4NwKLLYc0C4j3YAZDybgvtHKR60yZ9mk8q5Ky/Sddkdbf7rej0DLz4BA8o9c3vgF6jQ6NhrFlmhurNlGtYKqNTHiidNyfRtE3uim+UckaJZZiWDcPdNljRs1mjIL0bBraRq20MUGS1xP8JzLBRuJkME+gG8I3oyjMXFNN6ME6AyPs7j7mVvRkjdEjV9jR+2U7QgvM2jM0vQoiQH6kMk/0dQ/gLlW0b29FjePcms0PWmQ9lYFbbDLfERzT+TmPsNHyKd6JocQ5V9OaxwuThBlTQZr1sSzEBCq5xvxpdNvBPbMVVanqb6DptCHHrAe4wDIeSqzTjpfJRorEuVsZLZ0wzW00zxenaP1h8FtFzHsihwixeyrTQ/Ktlpp/BQJZfjTtTx1Hid9BbY+7Ph7huZBJ3LbLLPiU5mLd5K/ZOOkZ81sbO9PJJNLyVBkd+oKRo2u4/soUQWBUjqVtF8Oo4B5VVol+IkFiMR22/SGqML1V0bNUeado4tYraPcE4bI3X6sVLmf6v/bUgSntmGGKvY4xp2gtg5r1pqDxyVViD54p+acZXHBV2LPl2w4LfiVFqsfwqDDPe9ThhrQ5yLmv7gpVT4J3kgQ09kyNMCe5XNDeE9mXknaOeKeZ6kO/en6OWF47XczsjpMJYau7XeJracGscU49j7U8FAu3XKIq8FAvGrBY8FM96x4LAcxGCcyOiRUObcdd7UAoNZ9N2k5mA1XGiKgH8VE0R5mGfZGyzHeo0/ysOfmp8zCHDnXTGC2cu15djbWfYcU6Q6e485CFN4TxEbuytqC2YJzIeU4NAnp9Q/eCzv3KDOakFGHOwUS/irLKkyhAKz4rYL91/Mw5qSgoMnJbbQ4CJVmCrBoVcda4cVE1twWAwCkMlgsSn1H71F5OAP7pw2WcBRtZqBKgWc1dmFLXvomp9Be1bxxpiHqAAocaYR15KRUjqThvVkAqQXVUhkpllW2VBx4FWSoskq8cVaZVrJSCkpKHgpEBRaEMFBmtxMMk4tbOAgKQBZEggy0y8BRrKEeBVkK/JWWlEGiTuKmWv7VIPzUeYhBRceKiD3FWltEjcoQHMRCwoczE7ltTwTg7NWSnX4KR59wgFFz1cnhpw33KDYPBRaVrwVpWlaVo5q0c1PyX+oV3wBTZ+X9VNn4B/KgWflqbPylNn5au+Uv/ADX+is/oVln4VYHwqwzknVQ0fwsvWzog03g6AT2j3CAT2ordhrxhvpmVNYqDmDir2vFSKkVIqRUtS7NTCmFOjYzovUugTUaMOehRahgVcyeEFLKmQUmVEBbTA7lDyUFfktoqCmp+AUHn8qi7vCi0DuZZWxsqLbSn0SDRUap7l92FYVlrNSKvU1NTVrzU/NTHirs1dmrs1dmrld02agQrs1JSpmVjxUiyVBx/Mos/qUh8Su+JdVdVdVdRTFEaykehyo+ivUipeKkpDs+firlfRY8FYVkqTS62Sm0O5RP6V9Fd4qatL7wK0FOiatFTKvUlIqRUjTPWlRaKmVf2/MqZU1Mq0VaKmVMqamp03K5fRWgpv4BSzXUyV/krl9FJlRYCskd6h5qAOavUypqamyrs1MK6iR7elREhTogFJkK1kryoAKfNzUQFep0S1p6shzOAxKieyItshW8gusVBhbLgVF6nRLpEz0HaLlAZ9hSUlIc24xCgXcVCPDsKerGHFYrZh2pGPFWclNQIUj0j+VPJSpkrlNSUIcO3JlXZKyFZ8VI5q9TOStK0FaZU2c1NnNXZraL9wU1e/crQUwpq0FFrIKD+9TPcFepKQon/AM2f/8QALhAAAwAABAQEBwEBAQEBAAAAAAERITFRYUFxgZEQodHwIDBQscHh8UBgkICg/9oACAEBAAE/IaUpS/8AGUpfk3/8A6o4OCMdu8cZd/8Am0NkU4x/h483t/zjdz/8To43wX/2IkP/AJokLLwaGvhBr/gIJEIQhPggkQhCEIJC+VBon1yfIhCC/wBEHlPqkJ9MhP8ApH/lnz5/obSSIVtmM0KCa2V5jozkkPkYYDlrpjNP/c/qc+NhRqJFbJuAsbh9SCwMliTiK1yaNxqMng1mvoU/xz6AncbtvBGrfAS4+PTTyXqO3DrQTXUUFzfqYna8WDNEXZ+kw+zLnnuWJxmNu9RPb6VPpLCzcQQqx6GD0LkMaifXe3qIsVzErJZE4NSd3ci4W4WDdYkwDh1dxJgZpHrBHQ2uZ7HH6nPGEIQhCEIQhCEIQhCeKWIirmTXeFmTHl4sRneO0cNtRuyIxHu0EyzJ+ZiFYmfBFLteN7jxKxWapOKMCr4mXwxaazM7LTzDwzNzf2GQ+ctu76kIQhCEITwhCEIQhCEJ/ihCEIQhCf6mzci6D1+xfFQK+5eawnLMZefbcTk/Mxh/Fyd2MkmrT7MeVw4ITJsaXHEed6cQ5m8eglaZkVI6k8ZOuSUxKtOmxEdgy38RbjLvl38DaOjFbNar/NPghPpbSmCSWbFqosscOXfftqN16jAIUmvBtwu+00+wrlFphXmLOzJDAB7OHcMZ0AXhExJ4j81oxUm9o8vmd1gtq3eXj6nGcRcRlxQpEnnYYkeTT5PwRaxhi+UfnwzTiZe+XxQhCf5oQhCE+CEJ8E8J/jXX3wSscRbLfIRHFVMx72G+uxn0LnHYYtNGzF+hv9hspRGHJZRZsaPWDOJNlCV4eDh2vgxqsxrTOzgkadWYCwDisJc9hn8wo4p9jFnmO1HihOPV9BNfFbaZkkI42199QuPBe58+E+l5bWgxfpw6imOGatfM+P2EI0a68OXqLxruqm/0IWlPzWbmYyEIYBhMCg/BVPDw4EJ4SLGJ5PX7i7xxG+M5lVU6hIwQ5MSW7yfF9HDmcLyGjuMRN5PJ8H18OKJb14k1abBuiegJrFyDUt945v8ABFCrBYIZqqZGf6bGuRGtXpp9AhCEIQhCEIQhCEIQhCEIQ4gBmBFqEn00MyND1P8AY3GZbmf3M0nQwXb4qtR6l+XxHqBhLTnYvQXjseNUmYZAef7LCsPwX0snmmnUs70RfIWNdpn6vUx+J5PL1Gyhtsa8zI8cirzwe/g23FgjyQbC7TFv7GtyEIQhCEIQhCE+XCeE/wAE+RPBpwR5Imff40q4syHP/DT4mbZMyHDZibWRRpjba5ZjfGLQvBuzZTwzeI88B4iAxpMmjBO11zaPcYxEa4P5r/yz4Eq4sWbto/l8DOQZSvsFm9tca7DwVGsvhy1Z5GZtv29y+SOT0OMr6YB2GLQXxQgtYQyC5t4v/JMM2fLTTiJZPQ5Al5fC+IDJtZ8imR5CXLHkx5/HCEIQnyOcdIWOTXwuPij0HzsWb5vwhDFZDcBdHxE6btEe4nY4lLTgKnmlzHvEn5J4whPBM1clqy6t6vwh45kIQhCEIQhCEIQhCEIQhCEIQhCEITwgsBazYbPNDigzas29WQgnxq0xC3zfIhPlswOYcw5mQhPBWU5DUeQQhCEIQyHi8SEIPTuWRGL1v2QnwLDhjuOt1ukIQhCEIQhCEIQhCEIQhCEIQhBO3EqxI5by+CfA688tBFcch7kkloQhCEFETw0OR0GxSsx8KRyFFFfhCEIQhCEIQhCCdqzDVjYuTyepCEIQhCEIVbwjy1RCEIQhCEIQhCEIQhCEIQhCEIQhCEOYaDdwS0FxIQhPihCEIQhCEIQhCEIQhCD3IjRPGEJ8LRbmw5B29eZkuTzTyZbh5iMKG5iIQhCEIQhCEIQhCEJ4IQhCEIQhCEIQhCEIQhCSbQ8tWYcEjXj3FBhnBD5AFfh8SEIQhCEIQnjCEJ82mij0fy07EngDF/CQSV41WVXxaDdIQhCCtGaeqL/Y6e4n6j/mE4Ul8WxvNmqhi8wGHtyHDjTT0fxAeAnjiKtRCEITwQhCtXYXCN8hpGXogmQHrfwKY425jTBZs5DAQnghEyNXhOJ+j39B5g9DIKebez7FfVu4sWussP2UdSlXmce0Ga9uoyTZ1Ob4+CV5W3oeIsQg9GhawtY/I2Wb97cTVbTVYrwhCEHWvLwW4+xtBMyQhCEIQj8IT4k48Bcjf+XffxwSzmPJrlOfh6yPwexW2xCEIc6L27m4P4B/IK0fimpb0Yl5kWO1Yob1gt8mNuC6EJ5i0YODGjVQ/UqvwegEln2RM+0OnE9Mf04R4GIWXUxLxJ0ZHBOrpgVckI+uNTzEVtxZm1nU2gyt5H5KL+0ReCIcF/U5k4Mpwa6jmRXvl5HAmzE8x6FdGxvhS8p/BTaPWGLJeDarjncAsBZon5Zw3IO++Q3xuaN0fhCE8WbVm2zhf7V+RzLg8HB0o9GhRix7RNm/FkDaEjj3RofQfTHmM8UW4sQEW4yXFWKGrq3wGi5arH7DVdTWzP5Q8BY5Y/LrkuBFtNxDYwXFeo2wEeMzMRYRoLDkZrMFN70IuIT5M2vcTjXsIamXnND3OZpdh6ltfd+RcThP2b8k8+w8FRNzXT6iUY2E/Z+5ufR6k84Nt94xkr5sJ4VvJWVF6OTlCaIOghnUa/BgArgmHRCfGvp+yYnEmSZL43VMbh6h2YrVn9Qes7mmcxTyRj3Mx2GGnBq6H8Y/nH8A3HY2i9Do7knHsHsMv7BdA3/I1BPUsf0PF12+Bf2MbbL5FPixNrIbN1usom06nHsN11lYlKJxli/Bk7q0eIl0fJPnMas0yiiU+YQvufTflDJ6WBP2zld2X/QrS6HoxZlHlA48HT6Fs6fJL0FlV7NicCFzpVMF3X8ZFijqvyj31PZn7knk9L8nsLGpwJLtn3EUi5iQmk0ee5fmXCcPiWBw9aN0UcHMEPPoM126Pw4+F3x/yfs3XZ+puOz9T2KbIbDuL+0OfvHsohMU27jk7htoVoVoR6EehCf4r4YbnN5EaRmbvSxjCNhoVyxGrNu3gm1k2j+0cS40SihjzSo13afdGlQnB1VHuHsrI4LzidcepjZj+BwFHoRW56QRWYj+AVo/kxi5HPAajx+NTtQvi19xouLE4Rt7o4DQ85AMbH6HCMrQvQooohW3crVdy9u4l5E1wm7EyI5Mpq+eJONH2FcW6Ua/qQGFkSPIJnmPmXgyXeT+Q1/u9C+k/iml7upOn31Oby/ZSyf31I+38m6vp6jbnXb1Gyzbsj2Ecj5Dq/MilwRvoecFuZ1TMNOxhudReDuYmWUXQ2DkU9Ypx7itcWNnm/rVK9StWf1D+obzuf0BJy75/TP73gW68B7CRXN+SE3LHojY/KXX5SbEg4zJVxhVWb9aRvJyswZV0QYwUdBvzj5ob+0cU+rRf7ahszd/0JaxL2RjS6XujD9BP5H9NEl+8N3HoG3vo0m3Jmw+iLWfYOV9ieMK0KItSfVU7Jn0EzhOpgyRLM4dX0EjzX19DB9wXxcN6Wbs2LpRv4p8tL4jcukK2aTk6R8u9FcI+TGrNu3wUlxfc3nc3Df8jldjlXbwF2RVoYaGG5huYGGpBRcOQImqOvpmPgK7sbb+ibDFtLm4JPyF+w0Zu/bxKmS5jSI5PV0SIp0zHvImw7x8xzPsX9jNqS6Dd5t/5UyybR/WN4pS8jkXY6OxeXYvLsXZdi7IuyOiOh0K0OjuPCaPv7Gotw2Ot4/7MDDc3U6i6H3Kv6KtHgOjsVqVq/kMwG0+Al5Q9Q41I6vnz50ITw1lOY0lq5eN2RRTNG6EzG+XArIXLn3G/qScyNV5hfPuEfJlzRfE9Rr9Iyz+NS5GBE4titbzMNPmI1FOwiZ9o0K5s0MOWBmzcFcWnUSc+1FTJ3zZsOUX60m1kL9kalc0J4j/ABChPDg75InATZdmJX+waLidRWRt+iXr2CXNe3EnA3VGHE2DS6lI/sbHsz+cxUxINTI3JSJk7IRdLdTA9ZAN9EuhvCt5/wDqtGRkZGRkZGRkIQhCEIQhCEIQhCEIQhCEIQhCEIQhCEIQhCEIQhCEIQhCEIQhCEIQhCEIQhCEIQhCEIQhCH//2gAMAwEAAgADAAAAEDDDDDjgDDCCDBBDDjCCDDjjjjjhCDDBCDBBDDjjjjDDDDDPPPPPvhPPPPPPPPPPPPPPPPPPPPPPPPPPPPPPPPvPPPPPPPPPPPvlPPPPPPPPPPPPPPPPPPPPPPPPPPPPPPPPvvPPPPPPPPPPvvPPPPPPPPPPPPPPPPPPPPPPPPPPPPPPPPvvPPPPPPPPPPvvPPPPPPPPPPPPPPPPPPPPPPPPPPPPPPPPvvPPPPPPPPPPvvPPPPPPPPPPPPPPPPPPPPPPPPPPPPPPPPvvPPPPPPPPPPvvPOGvPPPPPPPPPPPPPPPPPPPPPPPPPPPPvPPPPPPPPPPPvvPPLPPPPPPPPPPPPPPPPPPPPPPPPPPPPPvPPPPPPPPPPPvvPPPPPPPPPPPPPPPPPPPPPPPPPPPPPPPPvPPPPPPPPPPPvvPPPPPPPPPPPPPPPPPPPPPPPPPPPPPPPPvPPPPPPPPPPPvvPPPPPPPPPPPPPPPPPPPPPPPPPPPPPPPPvPPPPPPPPPPvvvPPPPPPPPPPPPPPPPPPPPPPPPPPPPPPPPvvPPPPPPvvvvvvPPPPPPPPPPPPPPPOHOOPPPHPPPPPPPPPvvvPPPPPvvvtOOMMMMMMMIAtOMONPPJnKHDJnMMBMAMMMPPvvvvPPLOOMOEDDDDDABtmlknmvrNvniuomunukkshDCnpMPPPPtPAGNJAOpLPMFIBnPOjvLOjkojlulrnkqCKBAAIFMsMJDDDDDDDPNLbmssgkiwkoggstsrLPxWoAgoAA0gsssplAPDDBDCUAQPTAFPPPPPLPLDNDgmMUJ8XbOfLDDCXPPPPKBEAYAcccbHOJICBDDDDDHHPMBGcS3bvW+tLOZKDHGLDDDCPGDPRQQQMeHTnrvvvvvvvunmS/jourJqJh1fdhFJDjjjjn3PLFPPMONqEsgMfMNffPMJMEFsGHPPPfaqGCUDGitNecf8AsKbSzxzy0IpLz3Jgo4UxqZADLLZwwII4IqwzOgI4RIM+EBug7rLIhjA644ywzvf/APPN+6mePPLPvvPPPPLbKSGIcdo/2ueOeO+i62SMksAYSCpx3BTTPBfvzPrDP7zPH9GyYtRFNNFBJ4AGOKqm8EQc40NSCie6tplIjZtQaqYaCQgoy4eeeMuQkceMQIE0co8888ICKGgokAewOmUSugA888Ic6q6kKaCCySS2e+okU888AwUMAmySC2KOoqSYIsgkkMqqSYOWG8000w8088+w8888888888++U8ww00w2mOK+Si8M88sMOaOi+GOO+GS24M88888888sMO+A4SEMsMMMuUYI4w8EyQ888wgamCCOiyM++8888888888++888888888888sMASmOeuyy6GuMsssc88+88888888888++88888888888888888888888888888888++8888888888++88888888888888888888888888888888+88888888888++88888888888888888888888888888888+88888888888++88888888888888888888888888888888++8888888888++++++++++++++++++++++++++++++++++++888888//xAAeEQACAgMBAAMAAAAAAAAAAAABEQAQIDBAUGCAkP/aAAgBAwEBPxD89hQ85UuEBwDAhwhYva+NUBGrCXAY44fCWhxxx0uFZH4+9D2PyFkuhaFFa+9H/8QAIREBAQACAwADAAMBAAAAAAAAEQABECAwQCExUEFgcFH/2gAIAQIBAT8Q9x/Y8/4Zn/ZM/wBPfUdbweGeL6GZnT2HA7zZ6BzPxc5JfqzmP4zYzj6fjM6xTLs2afCegjrzksqyzoYy+1nA+JWDsF/Bnxvc2Ys2MMbxvOLOwWB92M9j0MzPFnRHUREWMHBmZnvIjREd5yIs2I5M6ZngzOnTM4mZmZmZmZmZ5HnZnTMzM2JmdvpZmeK6czn/AJYcxYxojQ2zicbLHgxOjgRERfF8c2dERERER4CIiIiIjtZmfWzM6IiOJHU+EiORt7GdOz2kRYxGiI0REfp5/Oz+dnwOnbO2eDMzO2f2Xl//xAAuEAEAAgECBQMEAwADAQEBAAABABEhMVEQQWFxgZGhsSDB0fAwQOFQYPGQgKD/2gAIAQEAAT8Qtuy27Lbstuy27Ld5bvLd5bvLd5bvLd5bvLd5bvLd5bvLd5bvLd5bvLd5bvLd5bvLd5bvLd5bvLd5bvLd5bvLd5bvLd5bvLd5bvLd5bvLd5bvLd5bvLd5bvLd5bvLd5bvLd5bvLd5bvLd5bvLd5bvLd5bvLd5bvLd5bvLd5bvLd5bvLd5bvLd5bvLd5bvLd5bvLd5bvLd2W3Zbdlt2W7st3Zbuy3dlu7Ld2W7st3Zbd//AIB75AodtBauwGVcBrL8IMiJ2ph8Kdf+t1JCXFrdm0pHPJopbf8AraK0ru//ABOGKZAc7/8An/5yrF3/ANSvLZsRP+kVK/oMsFUxKgspglgOcRU74pElf8bUqVKlSuFSpUqVKlSpUqCZuykTUaPEqVKhabsZcuAUvLRWCiHC+FzX6ERRlpTKlSoESVKlSpUqJKlSv7Z/BUrhX0hCAD6EuVwQykpB0lESJKlcKgQl1Lly5cuXLl8OUreUSjgslLRobSv43g/1D6anPjXCukrpK6cK6SpRxK4H0nGoExLl8X+E+p41/A7JaVK6cAlETg/0GHCpUqUyoGZRGpRDWOeFy5cdYaSoFfQfzEv6amn019F/S8b/AIA41EglSuFSonCpUqVKlSuIXHHALhxGJcczlwqVKlSuFQs1Z5419dfx1wCBNHcCaAObAv5Yc7rLb0V31le6todYsFd8QHnn0JpE3HjXGvqeFSpXCoBTnPLr/BfEZ4VxqVKlcK+ipRAqVKhiX9FSiBKlSpUqVKlcKlSpUqVKlSpUSVKlSjgqVKlSoELpxQh0AMrEiRoK1tV6zHQs1WCAKDSWMoA1uJwApYBQPMhScwKyZcEqpCkdklcKuVKlSpXGpUqVKlSpUqVKlSpUqVKjHPBMSpRKRJXCuNfXUqVAgQipUqVKlSpUqV9FY/pJoUttz5Z88riteC2LYUU6rOxA4oUMOoLO1wjWs1Qy054MnTEJW0qmWxiMbOLbH3rPWYITAL6Vutzet08ZHlNSJdXnErjUrjR/BUqVKlSpUqVKiSokrhX01xI8VSpXAIkA+th9bDiw4VKlSmUypUqVKYHDmBvGv2DVXAZYWWR0iLcpajy6uDRgvUbmG3K1G0PlGaTl3XeJHW4b55ry7RbhrIN1hPSAHsBYiapW5lZP3pKs5uA1TWarlfKIqkWxRTZyaw7kYAQGQX2NDQnXH0sqVKlSpUqVD+OuFSpUqVElRJUqVKlSvrqVKlQipXBaWlpaWlpaWlpaWloKKlpaWloGJURAFq0BzldUWgDo4eneo0QlKpKyd5UqBlfBlqSmqMfA68o/cGgnqmh0Y76x+UutTHq1INLldVhTWjW5u70IoWmC7rk/eHcFWBqOjBCxMFfRvr7wTm3WjGzdxXFBsZmqTuVZkrmRLYWgb9Xsg2a+tugTl0Y3rgtLS0tLS0tLSpaWluC0tLS0tLS0qJTH62VKlSpUriOAfQBBCcOfCpUqVKjCVK4V/DUBUAtcBCcdBLeY173s1ugcVUQ0SJGhrQbhVfOOpLh3MBb3aPAesOkY0kfoD4uZwDgwPQcvvR0mCPSdLRd/tymDDL0QN3l6xwBjON3wW+0Pg7a8ImK/WZ6sLuH3gtFDnHOl7HTV94zAxSHB6DB2l4iVNdH5PedbKbynNiCLsdXxeu2+kReH3lu0aIbEaJzDvv8ATcuXL4HGpUqVKlSpUqNokqVDgJKZX9Ko/wBKoEqLwyntNgiHVCwODR8/8IOjkMZNJQagQmfbpi9N/Fy/t75NgXXUV6VD2hR/UhB+IMjeLVfll8HmWvk2Nl3Tm97lsqQ2GIep8GHFjEFaZUvkIYBgnu47X8xiggrvTdhU1546wvOJeqlrzqzc/ecqpWLD5K0fbtD7POdkHuRVaCNjkgCgah59H3OXbRCI0jit4qm3KZs8n4PiJKlQJX0hUr+F/iT6wKlSuAUIqVK4KjlKlSpUqVKlSpUqVKlSpUoqYmlXxieCO31q52qy57pE6MUCOjyDo83yxRbkBlHmVvMmOsCnRYTxdRs56UPzeB5WNnHC5fVjlwBvXgF7gTBirmlv29oDS6AD2ggBa4A4ZhynHaLAK0OczK9W06nZ5bPRxRgko5iaicpba/EE0Hmaj0YcrdNh7P59ZoFl7JlJZqixUVsdHOGwiFI6JD1KNbP149JgoETCPKUQIyYaBax42MiRseu0Q2vWXVUDfSnRTUHqVKlSpUqVKlSpUqVElcSmVKlfxVK/tBKjgkgQqPdgdadBgYmjbDd6+A5BrLAYUBa7bf0VzaV64Y+9WeWejMQm7vkMvbB0gGNJlwGBCXkObKQBiiruvLA3KY7Sp3JUbQOhpwUgVMXZau6q08f1eubyuESmGZfQIB3jmQiiPJC/BDEL3RTZPqV0uX1CLj2TBPJ5gYoV6odBh9Z0Nxl2J49RLCqNofDpASMXZH6j3aOsNf4NbDb7Cg526Fj1hLkfw5qGrdozrNh1XN4c6Mx1WDN9Pe2VPbUlf0dZUQlSpUqVK4VxzBS06J1fQCHie+d/093TundO+d8753yoo0tVoDdeRADTl112L6te0IVBlK89cXoRYFJo9VUB9KmIxKVmUpww93MU2lu0ztK3gW0QPh1Zg7H3YpVW15stly5cuXL4XUtlAoQoofq5948M+iLtN291p2mQtGmQN8jS+fMz6pbVuNwcxydswQQ1YOAoarqg7e5S3dpfrLhusaQOrRO4xjAay6/FXo7OJlE5tbOy8+rxvGbasyp3veF1q0HurpC90UVo6zFG8rfYNbZqJt8YTMXAS0vdv4HkJlpxO6U3lN53Sm87p3fSFfRXFJUriVwBUr6alSuNSpWLrF1fWVwVKlSnaVKlcDQK8oLUfaCbj6hLO7S77VXKOVXK5XjUqURQBVoGso0084OkrhUqVKldJXSV0ldJXSV0gdJXTgdpQ0NNS9jyckyR7WvJ685aWqymtoIbGmIiQ0Hl227yqVGhgPVrV6sztHJQ0Ha/9mupiVTZrTOaIM0UXgjVaA80NYyNLRSO4x7I9AeE06DG5zj4nUhklMpiVwqUymU/UoiEf56lSuCpUoiACmAC1gVvXz8n6MFvaV1NNAYbXsfNs/bnuW2eHxB69FcdxpPMqVKlRBH5iadzoeZhOaxUPIz4K6yx4X7tviIrW4AeVz7Snomh48rle/BlSpTLS0ozU6lr2JiianZ9g6Rb/pGGzDHoZG5GNYt3WKqq2ur/AAk0p2m1O3U6cuUyZIZrl1giYzKlQMxzu1wX2Ofx1gEexC/ue8Nr2D8TCjh24VwqVEv6ArlLS3E0lSoEcZcEQ3diDOb6klNQ7MTiCoAq6BBUTY6+dvmNQ3lN/uj2wdJWKOICWkdzECQE6A6XzO8M2SgKO85Xsc5eyLkvHo/MABB0OB2DEIRA89EOrSWcwbjzOKoRbgpuaabtR/vicp6Lp8Hd9o1qlXKrd/8ABAMQE4GuBqw1Nhg1TlAG0XSiJFO9qdho+SM2HVLXzwOV84CD0RSHZenkuzy8xo0lRivpC5UqVKlOaesGmpL5Q8E6+AlLar3nZw2sTDuTDlWCHV7Smtu14iYlBwgy7usbcF5fjXgOiWsSu7xSE6BMuXuNnqVHVi822O36enAwFQN5UQLA+QPEdpLd/kPhn9GZ7+B/h8A4OFlJyIFQLm5HrzlzEDgSUzO0YhoaAoIEVXmljANBy4LcHZwpqa1RZ6TTm/dJFdJaO7G2qyusMABOsvsnSJ2fSKcz0iLLfygA4TLI7Q9XECR5gNnYmH+IAFI4wenr5OfzGZorTIMJeDSVlJX6PX+hbHDhp4ThmZWrglmsdhz52+Y8UdQ9zqx4ANp2SnaUynaZ2gcS8ItLy0vL8Q3SnB1cNJSU4iEFUjy4EqU8RUplcAuM030EdodGfXWActNXMtRjpK+4ffWDS0uoFXbN/Ms9K4d+Z5qA5ZmXL6v14O+P1/Dh5fX+yS8feX47JCDbjk2aCsBfZNurjvGps2G1vv8AYUTSKANrDV2M6C7aC/S57+PhOz6wKlfQGKlfwVwWiW2gnc9xPXta+WyBUKsN1b8VKLWG0lCtojZf2iU1KnWhVXmVFDWA0LjdPSa/p9gI9ER9SaQuxfql+8Hz8AQqUF1tfzMo5pFD37vkIIKtKpOtNh295pi9aKvF0+THcx5FPpxK9ZTrEQGqcgx0lDI6TX01mfSY8c4RKIZ1rES0TdUZUr0X8Tqf8LDVI8kneseTfRhgTSL2Otuvt4ir2PMHIRzbsXFLO145joynWV68DvSXBV6FL2vXxFVoOmFd2fB7kwiLRUfDd922NbrDRPmkM/tHD1M+0wwcoQPVHPZg7y+oVrQL62qEx/LEqUeCDcxzeeRnya6EphpSiqQu94e+veFQVqde+HPpcRyr0BD6iuzBLGSWIv3CWQB0nZ9AqVrgXUHgg2od4E081zWz5mjpHZwIjCrlWoniVOiKlReNEYlIjYnKYpjomBuP/TnnMSuBiksDhjrzhdR1bPqX4l5vnGAVTQfLvC62Jvcq9I7KC6Fsw4gXmE6L+rXzNq3YfmXmIZfiTHn+ZxDX0GVKOkJ1La9K0SXmGivi7PfxBh0oh7sA+qV+ZguvNH1KlN7hF2TJ5HvORV/VmHVp6Wn7xdYPN+IVQ+6Q8n3uAeZ6h9n5g+nmXyI6hOwX3a+8sUTqLe/4l2bXUPaPJfchC1fowERicZ9xVTYSCXcMHYt2JcRbNEHkL8mYKrSofSPaKylltHOo94vHc1W65vY0CX+I5NBzjkzybM6QJ2AUp5y9iN4jySL7PRicp5Wn1cPpBtUnL7KF5papK+sIoG9Y9ZWLdJpZuTp3rWutT2iJ9g80k5mjl7gK+Bhq0NEA9ZzYlTs4NEDlKnXzjL2lge4NfRT7y1tegnol+8rTbnpVj0JYNYVPpXg6teYw2ULL3efxGV9CludGcivYZykdXTLEW30+0LIQNUV5tghuSiviCerFCjq6D0g0at2R2W0XFAU3JC+bQOpOYHojXaZ3TJTh2YG1GmxcRGkTuTG5/Dzh0XANlLt0JkQmjmu53+OUykNlafc5/MLZoNtMP3i/Sxl7lGTr8MpC+dFHgL9o9DoSfRnNboIGqknlvpREmR8PzAikHbBjpd4qmMjzkXITu/eIxR8EIqR2f3gpujuUL0l3Phwly7K/NwqavQ/aaGFPJBaoq5FYYi961X4uW2SOT+ZvM6WD7RbVq5Ov2jUWyFe5BhV1vDZcHoviIdqsU7y+y8kXZPY3a0HnXrLlm3uvf8PabIBtdg++sWP0E7CkLOw++veLgSnRGx7MrKADQtimrd3Ear3UrDB3D6kviU8l7dHaeKlBCC2uU74XMaVTqLlD9xP/AFceeXd8HdbP1JLGqO4PvEav2Osvm9BH/ARP7FsA/FP2hHHrr48vDPWKxWsqmX1mCYW+QiRjPqP4iMAHQr+BFShssQtI7kRITVW7loaUGiqYiIq6qwBsW97huqNLpTy5lkvegD2ifdMJlIzKzVF+T+bqQAZdb57zq4y3eHEMuqWgK718h2jt0DdFdkairOO6PvFtbd/yTqXe33l+BG9n5Yy59Zul6NjvUwyeQgV4cRCSDqFebxW4vkhPUQ5w9c/4S1ojQmvDNeJOQI+kEwhc7HPhic0rNL+IkXSOwz4ivT2z5TlnOf3Rr5g6ADdkX3p8VGbS1MYMnyD7t4MEFBw06y+F/wAItRyupz+lKEaTmQuuzB6MJQHonxUpFV3T7wQw+z+IvyOwjzB73+8VpXyZENGVaYvdXk/ONPMipxAs1oeT+KNDW/XaZcpKuh5f7g1p+/eJ/X95Z08X+5sJ2ZjunrEeDdBOqpTpE/olNQYptwgWtY2fRfxA/wBtmHXxcWApyQPvLg1O8+DNGPdQ1jd9oahQC4aC2cnc4gYhbwpePme8t9Ms/YlIULop/EG3EEOWzkNviatmy0R0PUfymnN0R+8UoBNvzZhbByzPeLAYYZ5+kSuEzapMGl5xHUO5wx0iSon0CaC+IgtAOi8vWIgETl9JAtoLekTgtyUe8x4Pa/hcEy/Z/eNBked0QFhT2/ic0vd9o/lGzJYXq/eXJXRQBQHQ+m5cuWy5cuef4iPDl/BUpltoNoTqp+pnQ950PebkvuesG5nuJ/5KG56f5hYLRyQnosGb6wL+0JwBKU+g+UFz2b7FTafcPzBHBH62iqYzsP2iuHpvzLDtAvzBRaHSX1gweWp+ZipB1q+8w4R3K/Khey22X9iXNe4/MeePBA2BPBAnPtEGiPYCLFiPiVW3qhAKqXaX7ZPWOz0MQzJfJPB9pqgHqTtnaGA6GhdVEK03uty2jArRdJbc07pW/wBH+yi5udwgPN8nxUBx7Rv1Ztd4r4ii13eHGWvqYWqDzUGpHvFXVx/w1suKurL+i+F8bl9pfQly5cGW3ZVovWB6eswDT1kU1byn/ooDoXlNCPnFsWHfwIrq3mB6e1AOf0PxP3/gjijX7cojVV+3KXfJ7fmQsTJsD+CClhuE/NRBZ3YB+Bgunpg+9SxYjcf0qADXcz98R56zYXoD8w6jr1X1Ytn3x9pm5Xp+KgAOoDvmvaZN/oWtTkd0Yfs94m7sq/aYFdsJ95p0r/XOd75kK1BexB7EZhRtb8Ragnca95ke4/NL/YFnKsdkYqwZUOj3hp/pK6kqW5DBeb0nYO6REqy7hidDf/K+30pqA7h8S4XzH5qb67P4uOOu9/p+0wA+yq9AQwYnSfe2JWC6F/wlJvdAPz8yhjuX3IRT0w0ehFtlxfrvMpArOS2ejAvqeT2qc8+4D0fzOUzox8XN2fTfbWaUe6ibnrxEaL6w0B9lA9PXTLa3vP2D8TDSo7Ip1mrX2n8yvP1mW6++Xves7RP0qVufSV/4Sm5PPpPQ38QKst7h41PNQuG8U8BNQcbGn96pUqVwpdCDaN4idTsPyZh+tPgYLa+y/KJhq3QPaA8vq8C3PwVb0dPDUGg8xdKieMfVMAap2ijRL+mksN9r/KFIo2vEXMuXH+he89vxqBOPURa7te4RbrXpOw9Jfb0Et/iltvSltvQl9vQl4v2Ep/7Sz/2mNnrDOlu06074g7pT3MoAyXTb7Fx54dz20PeXdu55dtottqq/1K4YmJiAb1EN78Q3L6R2Poh/hqLyHrJ+u/EB1t3UbsF5X7wHIPEXeA9hM9lHoBH/AFJa6qy5f0XAAw6fGdTxNRXs2ej8RK6kYfaVTTrtGMqV/EoaRHr/AC1xMJWa5zEKDfD5gmhbCUdYVtCmnkLhgpp5UEoCyc/ia+0dVXTT1c+0MbrZ+TMVVcrzl/3SX9Fy/wCZEKROZB6oOxPlmbC6oezcXfufSWewkfRqBW0blj2iKoI9cfRUqAXm6iHN7sdALkKmHKG2UVPJ2YVssqVKlSpUSVKgTJoy7Qrunuj5R5q6We7UT1+q72KnIQdifCN2ZV8wYvBuk+55+0QzPn+anOH2x8H5iGK3YfXX3ilVVXmxb/5lC0j0xBUWBoNj3mlQj9GIM2voCfDFxsj1MetwcyD0D9oFgdih8xqMrr/uNWPNJKq+qD7TRO0X4iaPICAFv7fkn7J94XNiYUa7rHgvxFc0tqn1LgW2XJVXdT7Rt0XKgfJTHdux+EG5f6bQ5n6XSGy9NxfVJXyWt/EEI3w6VPsxZVVun8Rvandcqqi72/eI07Ixrqg2GooyXu/9CGXLlwZiWS5cuXLjn6Lly/8A6BdKdKdKdKdKdKdKdKW2ltpbaW2ltpbaW2ltpbaW2ltpbaW2ltpbaW2ltpbaW2ltpbaW2ltpbaW2ltpbaW2ltpbaW2ltpbaW2ltpbaW2ltpbaW2ltpbaW2ltpbaW2ltpbaW2ltpbaW2ltpbaW2ltpbaW2ltpbaW2ltpbaW2ltpbaW2ltpbaW2ltpbaW2ltpbaW2ltpbaW2ltpbaW2ltpbaf/2Q==\"]','available','1BHK',0,0,NULL,4,NULL,5,NULL,NULL,NULL,NULL,'shared',NULL,'[]',NULL,NULL,NULL,'2025-07-31 08:23:17','2025-07-31 08:23:17','[]',0,0,NULL,NULL,'residential','unfurnished',NULL,0,NULL);
/*!40000 ALTER TABLE `Properties` ENABLE KEYS */;
UNLOCK TABLES;

--
-- Table structure for table `RolePermissions`
--

DROP TABLE IF EXISTS `RolePermissions`;
/*!40101 SET @saved_cs_client     = @@character_set_client */;
/*!50503 SET character_set_client = utf8mb4 */;
CREATE TABLE `RolePermissions` (
  `id` char(36) CHARACTER SET utf8mb4 COLLATE utf8mb4_bin NOT NULL,
  `roleId` char(36) CHARACTER SET utf8mb4 COLLATE utf8mb4_bin NOT NULL,
  `permissionId` char(36) CHARACTER SET utf8mb4 COLLATE utf8mb4_bin NOT NULL,
  `createdBy` char(36) CHARACTER SET utf8mb4 COLLATE utf8mb4_bin DEFAULT NULL,
  `createdAt` datetime NOT NULL,
  PRIMARY KEY (`id`),
  UNIQUE KEY `role_permissions_role_id_permission_id` (`roleId`,`permissionId`),
  KEY `permissionId` (`permissionId`),
  KEY `createdBy` (`createdBy`),
  CONSTRAINT `rolepermissions_ibfk_1` FOREIGN KEY (`roleId`) REFERENCES `Roles` (`id`) ON DELETE CASCADE,
  CONSTRAINT `rolepermissions_ibfk_2` FOREIGN KEY (`permissionId`) REFERENCES `Permissions` (`id`) ON DELETE CASCADE,
  CONSTRAINT `rolepermissions_ibfk_3` FOREIGN KEY (`createdBy`) REFERENCES `Users` (`id`)
) ENGINE=InnoDB DEFAULT CHARSET=utf8mb4 COLLATE=utf8mb4_0900_ai_ci;
/*!40101 SET character_set_client = @saved_cs_client */;

--
-- Dumping data for table `RolePermissions`
--

LOCK TABLES `RolePermissions` WRITE;
/*!40000 ALTER TABLE `RolePermissions` DISABLE KEYS */;
INSERT INTO `RolePermissions` VALUES ('0310aba7-ec68-49bc-b974-12b9ca92fda7','30c78a4d-2183-4150-808f-7aabc051bf05','a8a37531-d526-4eb5-8c93-acaa03cdd760',NULL,'2025-04-05 05:37:10'),('092600fb-a9f5-4493-b702-d5c19e1effc1','30c78a4d-2183-4150-808f-7aabc051bf05','f6a64355-972a-4e55-a76e-a598de0fb53d',NULL,'2025-04-05 05:37:10'),('19740c9c-352a-4b79-ae4f-239c245dbbb1','0c53d3d7-bb56-4728-b1f2-e4aab11cca67','898cf042-2e9e-454a-847f-19e869c80fff',NULL,'2025-04-05 05:37:10'),('1e291e97-d3bb-4545-a05e-e7fb5060097d','30c78a4d-2183-4150-808f-7aabc051bf05','08425f09-17dc-44ef-af44-2079b8cb4ede',NULL,'2025-04-05 05:37:10'),('1f730950-1748-41b9-8da7-d23db5e0a40f','30c78a4d-2183-4150-808f-7aabc051bf05','c9d1de15-f9c1-45a5-926f-427131300282',NULL,'2025-04-05 05:37:10'),('2112384f-510f-485f-9da2-7699fa435e7f','0c53d3d7-bb56-4728-b1f2-e4aab11cca67','0c81f053-4278-4255-8fb2-21c58895233b',NULL,'2025-04-05 05:37:10'),('23998f7d-1af2-47d5-8d82-22e1d4a0b03a','30c78a4d-2183-4150-808f-7aabc051bf05','706ff649-3eb5-4542-82f4-8e0cad62aa47',NULL,'2025-04-05 05:37:10'),('244b4c88-e01c-47eb-903f-5fa8c0a5679b','30c78a4d-2183-4150-808f-7aabc051bf05','5bb656e4-8584-4ceb-bdac-eaebfe91de6e',NULL,'2025-04-05 05:37:10'),('2513d000-cef7-42dd-9d05-7498ee9903d2','0c53d3d7-bb56-4728-b1f2-e4aab11cca67','08425f09-17dc-44ef-af44-2079b8cb4ede',NULL,'2025-04-05 05:37:10'),('37ce557b-5f15-4fc0-86c8-e05905b3c0fa','30c78a4d-2183-4150-808f-7aabc051bf05','0c81f053-4278-4255-8fb2-21c58895233b',NULL,'2025-04-05 05:37:10'),('3ba8bd74-574c-4d2d-a91c-32a6b47b4f4b','0c53d3d7-bb56-4728-b1f2-e4aab11cca67','cd8a553a-a2eb-49ad-83ec-f8cb7e7cad43',NULL,'2025-04-05 05:37:10'),('3c99bd26-ec90-4a96-893a-acc03cb58177','30c78a4d-2183-4150-808f-7aabc051bf05','cd8a553a-a2eb-49ad-83ec-f8cb7e7cad43',NULL,'2025-04-05 05:37:10'),('3fd2fcb8-7b4a-49ab-b289-3901daba168f','30c78a4d-2183-4150-808f-7aabc051bf05','7cc90d8e-8c93-4269-a40b-8706c96d7a24',NULL,'2025-04-05 05:37:10'),('4a0d1602-90e7-4278-a4cd-9384435d743f','30c78a4d-2183-4150-808f-7aabc051bf05','f18a6435-123f-43d6-b6a9-c94beb6813f5',NULL,'2025-04-05 05:37:10'),('4df27411-b27c-4933-ba62-cb95d9e760f2','30c78a4d-2183-4150-808f-7aabc051bf05','802c1025-16c6-440a-a814-056ac9397fa6',NULL,'2025-04-05 05:37:10'),('55bd62b3-1394-4360-94d1-496fdc25e2f1','0c53d3d7-bb56-4728-b1f2-e4aab11cca67','7de6c921-46b8-4da4-95cd-af52d6c0629c',NULL,'2025-04-05 05:37:10'),('567d84d7-0096-40bb-a0fb-25f01419e524','568a9431-8c98-40e3-8bb3-ec6d7af89ae8','17e864d0-1dc7-4140-b394-452ea70cacc3',NULL,'2025-04-05 05:37:10'),('5df5b99e-d85e-47cf-8647-5aa87d590aaa','0c53d3d7-bb56-4728-b1f2-e4aab11cca67','ae0d7bbe-7a0a-4eaf-83c3-9e0c18d37955',NULL,'2025-04-05 05:37:10'),('5fa79c03-443b-46e2-a5d9-3feba28fceda','30c78a4d-2183-4150-808f-7aabc051bf05','aab2bd34-5e2d-4912-aae3-2767261f8b09',NULL,'2025-04-05 05:37:10'),('64d87580-4b59-4628-98ba-4f029fa24c43','568a9431-8c98-40e3-8bb3-ec6d7af89ae8','802c1025-16c6-440a-a814-056ac9397fa6',NULL,'2025-04-05 05:37:10'),('64e1f957-5f16-4b65-ba6a-94caf2a32033','0c53d3d7-bb56-4728-b1f2-e4aab11cca67','7cc90d8e-8c93-4269-a40b-8706c96d7a24',NULL,'2025-04-05 05:37:10'),('687643d9-f0d4-46de-bf23-debed5383d74','30c78a4d-2183-4150-808f-7aabc051bf05','0d480d60-6790-4310-8ecf-65002f7ff26b',NULL,'2025-04-05 05:37:10'),('6cdfc2cc-c0ce-4c3f-aa29-b61f92614b49','30c78a4d-2183-4150-808f-7aabc051bf05','a3b04511-9f24-41cf-94af-b028761f3227',NULL,'2025-04-05 05:37:10'),('6ede0a63-e687-414a-8f96-237b17114245','30c78a4d-2183-4150-808f-7aabc051bf05','d75d8714-7ea7-477a-a114-80b094e0c55e',NULL,'2025-04-05 05:37:10'),('70d38c2a-aeef-484f-90d6-28671c082905','30c78a4d-2183-4150-808f-7aabc051bf05','d45ea917-5ebb-4835-b869-468c6b6c8e38',NULL,'2025-04-05 05:37:10'),('77bd5e1d-5f35-4830-92af-71fdb07f2034','568a9431-8c98-40e3-8bb3-ec6d7af89ae8','a3d122de-4c4b-4cc1-9f97-c58eb7e44865',NULL,'2025-04-05 05:37:10'),('7f358adb-6edf-4979-b3e5-822109230459','30c78a4d-2183-4150-808f-7aabc051bf05','0b9f06aa-05fb-46af-afe0-843f6c036010',NULL,'2025-04-05 05:37:10'),('81f25688-9c80-439d-a373-9ac6ed61a588','30c78a4d-2183-4150-808f-7aabc051bf05','a3d122de-4c4b-4cc1-9f97-c58eb7e44865',NULL,'2025-04-05 05:37:10'),('8234b40d-31e5-4331-935d-c59256e702ca','30c78a4d-2183-4150-808f-7aabc051bf05','c110adae-6746-4526-83a6-63ad366dcd28',NULL,'2025-04-05 05:37:10'),('877f6f88-f200-4db8-bc5e-898470ccb191','30c78a4d-2183-4150-808f-7aabc051bf05','ffd2b8d9-5723-40ea-9144-0794f1f9476e',NULL,'2025-04-05 05:37:10'),('8c462bec-3364-4c51-be95-7474b74d94e9','0c53d3d7-bb56-4728-b1f2-e4aab11cca67','17e864d0-1dc7-4140-b394-452ea70cacc3',NULL,'2025-04-05 05:37:10'),('90e6d78a-1ea8-4056-aeda-9f1c0bd7ac07','0c53d3d7-bb56-4728-b1f2-e4aab11cca67','7bb9dbdf-1672-4f3d-bc01-168a20829a4c',NULL,'2025-04-05 05:37:10'),('94988f8c-0580-4b8d-8808-b6091b76401b','0c53d3d7-bb56-4728-b1f2-e4aab11cca67','e3c769d5-9ee5-4f14-a53b-72de18a4f478',NULL,'2025-04-05 05:37:10'),('95d31d47-458a-4af4-9a16-6a0e62acef8a','568a9431-8c98-40e3-8bb3-ec6d7af89ae8','0c81f053-4278-4255-8fb2-21c58895233b',NULL,'2025-04-05 05:37:10'),('9ef1f01a-f42b-4b35-8c8c-945212c127b4','30c78a4d-2183-4150-808f-7aabc051bf05','052c7d89-7221-48de-a3a3-4306b371584f',NULL,'2025-04-05 05:37:10'),('9f556d8b-a277-4254-9aa4-caf952943089','30c78a4d-2183-4150-808f-7aabc051bf05','17e864d0-1dc7-4140-b394-452ea70cacc3',NULL,'2025-04-05 05:37:10'),('a4e49e53-facd-46ad-a4c6-0517e36ba2e7','30c78a4d-2183-4150-808f-7aabc051bf05','3dacde71-11e1-428d-8acd-c9508b61c8e9',NULL,'2025-04-05 05:37:10'),('a650d1dc-7f58-444b-9533-615ba70421f0','30c78a4d-2183-4150-808f-7aabc051bf05','41af0236-b25f-402f-a4e5-b98aa55af579',NULL,'2025-04-05 05:37:10'),('a7db6c7a-2044-44e3-813e-79fa5976b9f7','30c78a4d-2183-4150-808f-7aabc051bf05','e4910150-5a0c-4ac7-994a-2233ff983854',NULL,'2025-04-05 05:37:10'),('aac7f871-b6db-402d-a51c-cd75469606cd','568a9431-8c98-40e3-8bb3-ec6d7af89ae8','7bb9dbdf-1672-4f3d-bc01-168a20829a4c',NULL,'2025-04-05 05:37:10'),('ab1a7e9b-8915-4fdc-b23f-8c8e9211ea01','30c78a4d-2183-4150-808f-7aabc051bf05','f7c8f09a-ee6a-4c12-aa3f-cce6f42380d9',NULL,'2025-04-05 05:37:10'),('b4c954c6-8131-4f6c-9929-ba51eec63cd7','30c78a4d-2183-4150-808f-7aabc051bf05','c627f240-22b1-4932-88a1-5f60ea483161',NULL,'2025-04-05 05:37:10'),('bbc97654-65be-441b-9c13-7ef1cd2a6f2f','30c78a4d-2183-4150-808f-7aabc051bf05','e3c769d5-9ee5-4f14-a53b-72de18a4f478',NULL,'2025-04-05 05:37:10'),('c52a9833-b7e1-46e0-ae02-08c710119757','568a9431-8c98-40e3-8bb3-ec6d7af89ae8','f6a64355-972a-4e55-a76e-a598de0fb53d',NULL,'2025-04-05 05:37:10'),('c7d3fae2-7fe0-40d1-bf04-25741cd083bb','568a9431-8c98-40e3-8bb3-ec6d7af89ae8','c42da947-8763-46a1-ac65-25ff6f40e5fc',NULL,'2025-04-05 05:37:10'),('c83077b7-7b18-4912-bfc7-5f7476764a12','30c78a4d-2183-4150-808f-7aabc051bf05','48fbc1ce-71fd-4f57-ad2b-7b419404e57f',NULL,'2025-04-05 05:37:10'),('c8662e2f-e9da-498c-be89-c6030c55ffe0','30c78a4d-2183-4150-808f-7aabc051bf05','7bb9dbdf-1672-4f3d-bc01-168a20829a4c',NULL,'2025-04-05 05:37:10'),('cb04cdfc-6e36-445c-b4b8-622b8fdca334','30c78a4d-2183-4150-808f-7aabc051bf05','792ca27b-03f2-4bb5-ab9f-7d961446fa23',NULL,'2025-04-05 05:37:10'),('cd1d55fe-66d6-4d90-b2a1-83432373627b','30c78a4d-2183-4150-808f-7aabc051bf05','ae0d7bbe-7a0a-4eaf-83c3-9e0c18d37955',NULL,'2025-04-05 05:37:10'),('cdc4de1d-8efc-4fcf-a11c-92af3d5dc2ae','30c78a4d-2183-4150-808f-7aabc051bf05','b9322c44-84bd-48c2-8152-5c89b24e7a52',NULL,'2025-04-05 05:37:10'),('ce0ebca4-2250-4633-baa2-9d9171759280','568a9431-8c98-40e3-8bb3-ec6d7af89ae8','cd8a553a-a2eb-49ad-83ec-f8cb7e7cad43',NULL,'2025-04-05 05:37:10'),('d60eae41-eb9c-4566-a5bb-8d7c8d18b1f2','0c53d3d7-bb56-4728-b1f2-e4aab11cca67','052c7d89-7221-48de-a3a3-4306b371584f',NULL,'2025-04-05 05:37:10'),('d99d0cc2-a9be-437c-bedc-24f8e588939d','30c78a4d-2183-4150-808f-7aabc051bf05','ba8d37aa-75e1-4771-93a2-e985836d8615',NULL,'2025-04-05 05:37:10'),('de2a09f9-e75e-443c-a05c-cf8fcb0f8f98','0c53d3d7-bb56-4728-b1f2-e4aab11cca67','c42da947-8763-46a1-ac65-25ff6f40e5fc',NULL,'2025-04-05 05:37:10'),('e16d5f47-6f1c-4390-950f-ee6f1c4c16d2','30c78a4d-2183-4150-808f-7aabc051bf05','7de6c921-46b8-4da4-95cd-af52d6c0629c',NULL,'2025-04-05 05:37:10'),('e29753f2-a6b3-4ec3-97b3-168c94d3078f','30c78a4d-2183-4150-808f-7aabc051bf05','c42da947-8763-46a1-ac65-25ff6f40e5fc',NULL,'2025-04-05 05:37:10'),('e2eb7a29-bb0a-42ef-b296-00b46909c77f','0c53d3d7-bb56-4728-b1f2-e4aab11cca67','a8a37531-d526-4eb5-8c93-acaa03cdd760',NULL,'2025-04-05 05:37:10'),('e4eb4d77-88ce-4a2e-b4e3-32989a09b2fa','568a9431-8c98-40e3-8bb3-ec6d7af89ae8','d75d8714-7ea7-477a-a114-80b094e0c55e',NULL,'2025-04-05 05:37:10'),('e6510d7e-9172-4cd7-b893-6a598f0e5948','30c78a4d-2183-4150-808f-7aabc051bf05','4f6fea85-717c-4f14-a314-368201183197',NULL,'2025-04-05 05:37:10'),('ea89ebee-1ee2-4299-bd05-a7e10ea9307a','30c78a4d-2183-4150-808f-7aabc051bf05','deb28ef9-764f-4706-b83c-c5ee4d97fab1',NULL,'2025-04-05 05:37:10'),('eb10c0af-75bf-4ea7-87d6-0a7d4137c852','568a9431-8c98-40e3-8bb3-ec6d7af89ae8','a8a37531-d526-4eb5-8c93-acaa03cdd760',NULL,'2025-04-05 05:37:10'),('ec20de85-93ca-422f-94e9-58a2bd643f6d','30c78a4d-2183-4150-808f-7aabc051bf05','26fd3575-7cb0-414a-8f77-9702b7221c8c',NULL,'2025-04-05 05:37:10'),('f3ca0281-9ed6-42bb-8c49-ff1a087f411d','30c78a4d-2183-4150-808f-7aabc051bf05','956383aa-cb25-434e-ada9-fc1e60d03678',NULL,'2025-04-05 05:37:10'),('f48ecf77-92b4-44a9-afee-8bd0c29ccda5','568a9431-8c98-40e3-8bb3-ec6d7af89ae8','ba8d37aa-75e1-4771-93a2-e985836d8615',NULL,'2025-04-05 05:37:10'),('fa17fba5-4ade-499c-a9df-ef8dbed20756','30c78a4d-2183-4150-808f-7aabc051bf05','898cf042-2e9e-454a-847f-19e869c80fff',NULL,'2025-04-05 05:37:10'),('fae0c554-6a6f-4da1-ada4-c6afc1caf7f9','30c78a4d-2183-4150-808f-7aabc051bf05','22098e84-2aca-460a-a2f0-3efe5fdd1469',NULL,'2025-04-05 05:37:10');
/*!40000 ALTER TABLE `RolePermissions` ENABLE KEYS */;
UNLOCK TABLES;

--
-- Table structure for table `Roles`
--

DROP TABLE IF EXISTS `Roles`;
/*!40101 SET @saved_cs_client     = @@character_set_client */;
/*!50503 SET character_set_client = utf8mb4 */;
CREATE TABLE `Roles` (
  `id` char(36) CHARACTER SET utf8mb4 COLLATE utf8mb4_bin NOT NULL,
  `name` varchar(255) NOT NULL,
  `description` text,
  `isSystem` tinyint(1) NOT NULL DEFAULT '0',
  `status` enum('active','inactive') NOT NULL DEFAULT 'active',
  `createdBy` char(36) CHARACTER SET utf8mb4 COLLATE utf8mb4_bin DEFAULT NULL,
  `updatedBy` char(36) CHARACTER SET utf8mb4 COLLATE utf8mb4_bin DEFAULT NULL,
  `createdAt` datetime NOT NULL,
  `updatedAt` datetime NOT NULL,
  `colorClass` varchar(255) DEFAULT NULL COMMENT 'CSS color class used for UI display',
  PRIMARY KEY (`id`),
  UNIQUE KEY `name` (`name`),
  KEY `createdBy` (`createdBy`),
  KEY `updatedBy` (`updatedBy`),
  CONSTRAINT `roles_ibfk_1` FOREIGN KEY (`createdBy`) REFERENCES `Users` (`id`),
  CONSTRAINT `roles_ibfk_2` FOREIGN KEY (`updatedBy`) REFERENCES `Users` (`id`)
) ENGINE=InnoDB DEFAULT CHARSET=utf8mb4 COLLATE=utf8mb4_0900_ai_ci;
/*!40101 SET character_set_client = @saved_cs_client */;

--
-- Dumping data for table `Roles`
--

LOCK TABLES `Roles` WRITE;
/*!40000 ALTER TABLE `Roles` DISABLE KEYS */;
INSERT INTO `Roles` VALUES ('0c53d3d7-bb56-4728-b1f2-e4aab11cca67','Property Owner','Manages their own properties, bookings, payments, and profile.',1,'active',NULL,NULL,'2025-04-05 05:37:10','2025-04-05 05:37:10','bg-blue-100 text-blue-800 dark:bg-blue-900 dark:text-blue-300'),('30c78a4d-2183-4150-808f-7aabc051bf05','Super Admin','Has full control over the system, users, properties, settings, and permissions.',1,'active',NULL,'0b027b1d-9d43-409b-9a83-4cc5dd77d9a8','2025-04-05 05:37:10','2025-04-18 08:35:22','bg-green-100 text-green-800 dark:bg-green-900 dark:text-green-300'),('39c91e82-8230-4d1a-8286-c0bb91e8e9bb','User','',0,'active','0b027b1d-9d43-409b-9a83-4cc5dd77d9a8','0b027b1d-9d43-409b-9a83-4cc5dd77d9a8','2025-04-18 08:35:07','2025-04-18 08:35:07',NULL),('568a9431-8c98-40e3-8bb3-ec6d7af89ae8','End User','Can search, view, book, and review properties.',1,'active',NULL,NULL,'2025-04-05 05:37:10','2025-04-05 05:37:10','bg-purple-100 text-purple-800 dark:bg-purple-900 dark:text-purple-300');
/*!40000 ALTER TABLE `Roles` ENABLE KEYS */;
UNLOCK TABLES;

--
-- Table structure for table `SequelizeMeta`
--

DROP TABLE IF EXISTS `SequelizeMeta`;
/*!40101 SET @saved_cs_client     = @@character_set_client */;
/*!50503 SET character_set_client = utf8mb4 */;
CREATE TABLE `SequelizeMeta` (
  `name` varchar(255) CHARACTER SET utf8mb3 COLLATE utf8mb3_unicode_ci NOT NULL,
  PRIMARY KEY (`name`),
  UNIQUE KEY `name` (`name`)
) ENGINE=InnoDB DEFAULT CHARSET=utf8mb3 COLLATE=utf8mb3_unicode_ci;
/*!40101 SET character_set_client = @saved_cs_client */;

--
-- Dumping data for table `SequelizeMeta`
--

LOCK TABLES `SequelizeMeta` WRITE;
/*!40000 ALTER TABLE `SequelizeMeta` DISABLE KEYS */;
INSERT INTO `SequelizeMeta` VALUES ('20240101000001-create-users.js'),('20240101000002-add-audit-fields.js'),('20240404000000-create-property.js'),('20240405000000-add-missing-property-columns.js'),('20240406000000-update-pincode-column.js'),('20240407000000-update-totalArea-column.js'),('20240604000000-create-rbac-tables.js'),('20240606000001-create-password-reset-tokens.js'),('20250404053845-add-admin-user-type.js'),('20250404055456-add-admin-user-type.js'),('20250404055646-create-audit-logs.js'),('20250405070143-add-super-admin-user-type.js'),('20250405094214-add-verified-field-to-users.js'),('add-color-class-to-roles.js');
/*!40000 ALTER TABLE `SequelizeMeta` ENABLE KEYS */;
UNLOCK TABLES;

--
-- Table structure for table `UserRoles`
--

DROP TABLE IF EXISTS `UserRoles`;
/*!40101 SET @saved_cs_client     = @@character_set_client */;
/*!50503 SET character_set_client = utf8mb4 */;
CREATE TABLE `UserRoles` (
  `id` char(36) CHARACTER SET utf8mb4 COLLATE utf8mb4_bin NOT NULL,
  `userId` char(36) CHARACTER SET utf8mb4 COLLATE utf8mb4_bin NOT NULL,
  `roleId` char(36) CHARACTER SET utf8mb4 COLLATE utf8mb4_bin NOT NULL,
  `createdBy` char(36) CHARACTER SET utf8mb4 COLLATE utf8mb4_bin DEFAULT NULL,
  `createdAt` datetime NOT NULL,
  PRIMARY KEY (`id`),
  UNIQUE KEY `user_roles_user_id_role_id` (`userId`,`roleId`),
  KEY `roleId` (`roleId`),
  KEY `createdBy` (`createdBy`),
  CONSTRAINT `userroles_ibfk_1` FOREIGN KEY (`userId`) REFERENCES `Users` (`id`) ON DELETE CASCADE,
  CONSTRAINT `userroles_ibfk_2` FOREIGN KEY (`roleId`) REFERENCES `Roles` (`id`) ON DELETE CASCADE,
  CONSTRAINT `userroles_ibfk_3` FOREIGN KEY (`createdBy`) REFERENCES `Users` (`id`)
) ENGINE=InnoDB DEFAULT CHARSET=utf8mb4 COLLATE=utf8mb4_0900_ai_ci;
/*!40101 SET character_set_client = @saved_cs_client */;

--
-- Dumping data for table `UserRoles`
--

LOCK TABLES `UserRoles` WRITE;
/*!40000 ALTER TABLE `UserRoles` DISABLE KEYS */;
INSERT INTO `UserRoles` VALUES ('001f8dba-8502-408d-badd-467ae94e5db9','38b51daf-eee1-45b0-8eb4-343f5ed271ff','0c53d3d7-bb56-4728-b1f2-e4aab11cca67','0b027b1d-9d43-409b-9a83-4cc5dd77d9a8','2025-04-05 09:48:38'),('11b5e5b0-3ff9-43d1-8534-804a4985c084','10b1edb1-9972-40dd-8e98-202e4a8c04c6','568a9431-8c98-40e3-8bb3-ec6d7af89ae8','0b027b1d-9d43-409b-9a83-4cc5dd77d9a8','2025-04-17 05:57:22'),('4ebf7aaa-b3a3-4de3-8b48-dc03a96936de','112fcbad-b1a9-4d9b-83b2-31a509bfdd8f','39c91e82-8230-4d1a-8286-c0bb91e8e9bb','0b027b1d-9d43-409b-9a83-4cc5dd77d9a8','2025-06-17 13:56:09'),('80fa982d-d3e1-47bb-a024-66dae830578e','102aab54-9a18-4e5c-baeb-9108137341b8','568a9431-8c98-40e3-8bb3-ec6d7af89ae8','0b027b1d-9d43-409b-9a83-4cc5dd77d9a8','2025-04-06 07:12:44'),('f2e0d9e4-937d-4b7d-90bb-4f837eabcf3e','0b027b1d-9d43-409b-9a83-4cc5dd77d9a8','30c78a4d-2183-4150-808f-7aabc051bf05',NULL,'2025-04-05 05:37:10');
/*!40000 ALTER TABLE `UserRoles` ENABLE KEYS */;
UNLOCK TABLES;

--
-- Table structure for table `Users`
--

DROP TABLE IF EXISTS `Users`;
/*!40101 SET @saved_cs_client     = @@character_set_client */;
/*!50503 SET character_set_client = utf8mb4 */;
CREATE TABLE `Users` (
  `id` char(36) CHARACTER SET utf8mb4 COLLATE utf8mb4_bin NOT NULL DEFAULT (uuid()),
  `firstName` varchar(255) NOT NULL,
  `lastName` varchar(255) NOT NULL,
  `email` varchar(255) NOT NULL,
  `mobileNumber` varchar(255) NOT NULL,
  `password` varchar(255) NOT NULL,
  `userType` enum('property_searching','property_listing','admin','super_admin') NOT NULL,
  `status` enum('active','inactive','suspended') DEFAULT 'active',
  `verified` tinyint(1) NOT NULL DEFAULT '0',
  `createdAt` datetime NOT NULL,
  `updatedAt` datetime NOT NULL,
  `createdBy` char(36) CHARACTER SET utf8mb4 COLLATE utf8mb4_bin DEFAULT NULL,
  `updatedBy` char(36) CHARACTER SET utf8mb4 COLLATE utf8mb4_bin DEFAULT NULL,
  PRIMARY KEY (`id`),
  UNIQUE KEY `email` (`email`),
  KEY `Users_createdBy_foreign_idx` (`createdBy`),
  KEY `Users_updatedBy_foreign_idx` (`updatedBy`),
  CONSTRAINT `Users_createdBy_foreign_idx` FOREIGN KEY (`createdBy`) REFERENCES `Users` (`id`),
  CONSTRAINT `Users_updatedBy_foreign_idx` FOREIGN KEY (`updatedBy`) REFERENCES `Users` (`id`)
) ENGINE=InnoDB DEFAULT CHARSET=utf8mb4 COLLATE=utf8mb4_0900_ai_ci;
/*!40101 SET character_set_client = @saved_cs_client */;

--
-- Dumping data for table `Users`
--

LOCK TABLES `Users` WRITE;
/*!40000 ALTER TABLE `Users` DISABLE KEYS */;
INSERT INTO `Users` VALUES ('0136b18e-ec40-49cd-b5e2-3051b865072b','Ankur','Kumar','ankurkum8051@gmail.com','9430974314','$2a$10$mMp9/E65AtHmEPgoHipvWeR.LxLCArTo4Nes8HTxWg8xJF.zr0NVO','property_listing','active',0,'2025-07-13 06:28:32','2025-07-13 06:28:33','0136b18e-ec40-49cd-b5e2-3051b865072b','0136b18e-ec40-49cd-b5e2-3051b865072b'),('0b027b1d-9d43-409b-9a83-4cc5dd77d9a8','Super','Admin','ankitagrawal288@gmail.com','9098889767','$2a$10$GZtm.NZv3Ze7/HiwdrSS9eXZbKb19gMiyvfnic4.PcNWBYPCr6Kf6','admin','active',1,'2025-04-04 05:36:30','2025-04-15 06:23:47',NULL,NULL),('102aab54-9a18-4e5c-baeb-9108137341b8','rakesh','kumar','rakesh@rsoultek.com','0987654321','$2a$10$xMAg2Rm0AewnULAx.bxMgu04qhxriyuRgKJHEjHQG4wYPGJEKU2Na','property_searching','active',0,'2025-04-06 07:12:44','2025-04-06 07:17:03','0b027b1d-9d43-409b-9a83-4cc5dd77d9a8','0b027b1d-9d43-409b-9a83-4cc5dd77d9a8'),('10b1edb1-9972-40dd-8e98-202e4a8c04c6','Testsdf','af','test@mailinator.com','1234567890','$2a$10$ypwkfScKyGttr4/7x8ggcOINyL4wezhGEzAUgbkRWWVH53cNTYFt2','property_searching','active',0,'2025-04-17 05:57:22','2025-04-17 06:16:27','0b027b1d-9d43-409b-9a83-4cc5dd77d9a8','0b027b1d-9d43-409b-9a83-4cc5dd77d9a8'),('112fcbad-b1a9-4d9b-83b2-31a509bfdd8f','bhavya','sree','bhavya.neshdp@gmail.com','9866098829','$2a$10$f3jOKSEtLkmGaVme5UMVveuBJSBKwhgyctrMqf0LkCjB7Af8EIJ0K','property_searching','active',0,'2025-06-17 13:56:09','2025-06-17 13:56:09','0b027b1d-9d43-409b-9a83-4cc5dd77d9a8','0b027b1d-9d43-409b-9a83-4cc5dd77d9a8'),('38b51daf-eee1-45b0-8eb4-343f5ed271ff','Rakesh','Kumar','shiprakesh143@gmail.com','9739498998','$2a$10$YXjJno.8xS4vfoRfbcFn6.5QDG7aP7JrzwnjyPTAerHs/oqOZYi6S','property_listing','active',1,'2025-04-04 05:51:49','2025-04-05 07:33:20','38b51daf-eee1-45b0-8eb4-343f5ed271ff','0b027b1d-9d43-409b-9a83-4cc5dd77d9a8'),('4087dd4d-847f-4954-8e27-2accc5f675d0','testing','testing','testing2@gmail.com','9898989898','$2a$10$3TzCZwyX5rg0AEAB.7QIOO66gWu1FfrArZqtndA9jz7aQMBoz4mtq','property_listing','active',0,'2025-06-16 08:38:28','2025-06-16 08:38:28','4087dd4d-847f-4954-8e27-2accc5f675d0','4087dd4d-847f-4954-8e27-2accc5f675d0'),('44a2bbb7-6b59-4f09-a8ed-daabbac3e6fb','testt','test','test2@gmail.com','9898989898','$2a$10$s0Z2KeDlMVgpofF8AWR.eOPXiBakRm/hGVFedDS4HzqEuI2bn5uwq','property_listing','active',0,'2025-06-16 08:21:55','2025-06-16 08:21:55','44a2bbb7-6b59-4f09-a8ed-daabbac3e6fb','44a2bbb7-6b59-4f09-a8ed-daabbac3e6fb'),('4f358bc2-0c3c-4107-bf56-356b12ec5487','demodemo','demodemo','demodemo@gmail.com','9898989898','$2a$10$nF1cqPU6t9MH0lPhZCCzh.h/xcE17E64xEumozP9YeJNaVQZkhJ7y','property_searching','active',0,'2025-06-16 12:23:09','2025-06-16 12:23:09','4f358bc2-0c3c-4107-bf56-356b12ec5487','4f358bc2-0c3c-4107-bf56-356b12ec5487'),('6833edfc-914a-43f0-ac8d-d962ebd02015','bhavyatest','bhavyatest','bhavyatest@gmail.com','9898989899','$2a$10$bLEwVqRjrNTySlyAJCTY6eEPOZeBkSKeY64GFoMioBuxweKJ.cB.K','property_listing','active',0,'2025-06-27 06:54:14','2025-06-27 06:54:15','6833edfc-914a-43f0-ac8d-d962ebd02015','6833edfc-914a-43f0-ac8d-d962ebd02015'),('8a84dee1-63fd-4a31-9a5e-4ef6b725566e','bhavyatesting','testing','bhavyatesting@gmail.com','9898989855','$2a$10$9INt4Pe9lqIsWaNQgmG9MewOX8siKSCRNLBs8BIq7FSGeS2XCHe5S','property_searching','active',0,'2025-06-18 12:56:09','2025-06-18 12:56:10','8a84dee1-63fd-4a31-9a5e-4ef6b725566e','8a84dee1-63fd-4a31-9a5e-4ef6b725566e'),('8b8fccf3-7fd3-407f-ad98-1316e4deea16','bhavya','reddy','mbhavyasree8@gmail.com','9898989898','$2a$10$wfiBXGFyDEWzDQ2pGmAca.X0o5Sf5zgKVw67JN0SD.NGEnEzoHBd.','property_searching','active',0,'2025-06-13 10:47:01','2025-06-13 10:47:01','8b8fccf3-7fd3-407f-ad98-1316e4deea16','8b8fccf3-7fd3-407f-ad98-1316e4deea16'),('9ecd708a-f8c7-4bbc-a665-b0d6bb139684','riya','ghosh','riya@gmail.com','7896778967','$2a$10$69rNVhujJQsFQH10xnV1Ne28LxQQN1x4dHL.JLjmqy6q3EvTp2haq','property_listing','active',0,'2025-06-13 10:58:30','2025-06-13 10:58:30','9ecd708a-f8c7-4bbc-a665-b0d6bb139684','9ecd708a-f8c7-4bbc-a665-b0d6bb139684'),('9f57ce33-1365-4071-bcfd-59804e737094','demoo','demoo','demoo@gmail.com','9898989898','$2a$10$Q3WnaWE3wQkqKg0euOvhE.A/spVM59RlaCjl2ZtSwAfMxjGxdwcKa','property_listing','active',0,'2025-06-16 08:43:29','2025-06-16 08:43:29','9f57ce33-1365-4071-bcfd-59804e737094','9f57ce33-1365-4071-bcfd-59804e737094'),('addb3611-cf61-46e7-9236-3902c15ba3ff','samridhi','Rana','sam@gmail.com','4663489987','$2a$10$WG0kpPu6dckykbenxKoMXOFUKMbaszhY2QxPnsWyXO.SplpbW5vbO','property_searching','active',0,'2025-06-13 10:49:50','2025-06-13 10:49:50','addb3611-cf61-46e7-9236-3902c15ba3ff','addb3611-cf61-46e7-9236-3902c15ba3ff'),('c84e3fc9-5c52-48c5-8a4c-cbb89cc46cb1','test','demo','tdemo@gmail.com','9898989898','$2a$10$WQsomrAPJD6H2wuS9WVQ0OBbrUmcmqJJ4TouH6zpyfE6KR2kR0dKu','property_searching','active',0,'2025-06-16 13:52:09','2025-06-16 13:52:09','c84e3fc9-5c52-48c5-8a4c-cbb89cc46cb1','c84e3fc9-5c52-48c5-8a4c-cbb89cc46cb1'),('df54ac03-b747-4f4c-8987-83118c1a1791','Abhishek','Kumar','ask@venture-care.com','9172713075','$2a$10$4yAv8/pbDRE9Hxkaj2GE2./FpfabP0dONDOjemxnW2R59MLii3ywK','property_listing','active',0,'2025-07-30 06:25:37','2025-07-30 06:25:38','df54ac03-b747-4f4c-8987-83118c1a1791','df54ac03-b747-4f4c-8987-83118c1a1791'),('f32d6364-a24a-463a-9a08-86d9073daca9','test','test','test@gmail.com','9898989898','$2a$10$4s/OxZE2Y9rc2D7wggnffeFHSn0xrxBxx4n5BUEEIJzP.hZa/EHiq','property_listing','active',0,'2025-06-16 05:33:39','2025-06-16 05:33:40','f32d6364-a24a-463a-9a08-86d9073daca9','f32d6364-a24a-463a-9a08-86d9073daca9'),('fdb4e155-156b-45a8-80e3-a92869675c96','test','fads','testdorpay@mailinator.com','9098889767','$2a$10$QZ3Rjg8YCWwuZBuWXJQKXuxE4LESZphUIGo.34qYSmjDJlcOmXIAC','property_searching','active',0,'2025-06-13 10:40:07','2025-06-13 10:40:08','fdb4e155-156b-45a8-80e3-a92869675c96','fdb4e155-156b-45a8-80e3-a92869675c96');
/*!40000 ALTER TABLE `Users` ENABLE KEYS */;
UNLOCK TABLES;
/*!40103 SET TIME_ZONE=@OLD_TIME_ZONE */;

/*!40101 SET SQL_MODE=@OLD_SQL_MODE */;
/*!40014 SET FOREIGN_KEY_CHECKS=@OLD_FOREIGN_KEY_CHECKS */;
/*!40014 SET UNIQUE_CHECKS=@OLD_UNIQUE_CHECKS */;
/*!40101 SET CHARACTER_SET_CLIENT=@OLD_CHARACTER_SET_CLIENT */;
/*!40101 SET CHARACTER_SET_RESULTS=@OLD_CHARACTER_SET_RESULTS */;
/*!40101 SET COLLATION_CONNECTION=@OLD_COLLATION_CONNECTION */;
/*!40111 SET SQL_NOTES=@OLD_SQL_NOTES */;

-- Dump completed on 2025-08-02  9:33:48
